	Token	Tag	Annotation_ID	Multi_Token_Annotation
0	an	B-Richtung	A5D60032-E602-41A5-BC99-2427EF5EB765	1
1	sein	O	none	0
2	,	O	none	0
3	zu	O	none	0
4	für	O	none	0
5	der	O	none	0
6	es	O	none	0
7	stand	O	none	0
8	an	O	none	0
9	grauen	O	none	0
10	,	O	none	0
11	den	O	none	0
12	täglich	O	none	0
13	an	B-Richtung	EB656F9A-D99F-4616-B45E-FA52C72F1FAC	1
14	.	O	none	0
15	der	O	none	0
16	die	O	none	0
17	Hofloch	B-Ort-Container	B3CF2D22-5BCC-44F6-B815-B0F47F3C5CD1	1
18	auf	B-Richtung	BCCDBECF-88E6-41FB-A6F7-9931C19F5D1F	1
19	.	O	none	0
20	nicht	O	none	0
21	lokalen	O	none	0
22	Nach	O	none	0
23	hatte	O	none	0
24	war	O	none	0
25	.	O	none	0
26	und	O	none	0
27	verzichtet	O	none	0
28	taumelte	B-Bewegung-Objekt	D2BFBA42-6EDE-4790-A262-D27946CAD553	1
29	Er	O	none	0
30	.	O	none	0
31	seinen	O	none	0
32	mit	O	none	0
33	Aber	O	none	0
34	Kreuz	O	none	0
35	.	O	none	0
36	ins	B-Richtung	0A537FE1-0F87-4ACA-B6F1-D3D01A9AC303	1
37	.	O	none	0
38	Maschine	B-Ort-Container	1B432098-9EA4-48A1-A3A4-58021C770B6D	1
39	über	O	none	0
40	legen	B-Bewegung-ALT	90179084-FCDE-4B4C-AB58-31154089461D	1
41	Marktplatz	B-Ort-Container	908914BE-7CBD-4986-9E02-6FD32D17EE52	1
42	sich	O	none	0
43	Augen	O	none	0
44	es	O	none	0
45	Er	O	none	0
46	Bankkonto	O	none	0
47	er	O	none	0
48	seitlich	B-Richtung	F1E6E75A-C458-4DF2-97A8-2F9C1EEEF8A6	1
49	den	O	none	0
50	verkaufen	B-Bewegung-Subjekt	FF3FBC50-3BE3-451A-B685-63AD5ADE7150	1
51	junge	O	none	0
52	im	B-Positionierung	ADF6B5CD-C35B-460B-93E2-6652FBD91FAC	1
53	Geld	O	none	0
54	Lieferwagen	B-Ort-Container	8F54F4AD-9E2C-4D92-B90D-2F09B80144F9	1
55	Fabriksignet	O	none	0
56	und	O	none	0
57	einen	O	none	0
58	hievte	B-Bewegung-Objekt	D5BE86EA-74B3-4107-9461-FE70EEF74601	1
59	den	O	none	0
60	er	O	none	0
61	Stadt	B-Ort-Container-BK	30742596-AC64-44D8-859E-E5C1469220BC	1
62	alt	O	none	0
63	Inmitten	B-Positionierung	A2AB8D01-DCF6-48EF-90B2-F4F3D3DC138E	1
64	Tropfen	O	none	0
65	.	O	none	0
66	Jahre	O	none	0
67	unter	B-Positionierung	64F5E907-9E17-4E64-AC7B-C032C5DF5CD9	1
68	zweihundert	I-Dimensionierung-Abstand	AB59088B-D898-46B2-8BA1-D5832BC0F468	3
69	1961.	O	none	0
70	,	O	none	0
71	,	O	none	0
72	einem	O	none	0
73	stünde	O	none	0
74	fehlte	O	none	0
75	zu	O	none	0
76	fast	O	none	0
77	in	B-Positionierung	D2FFD517-C1AC-4E86-A972-DA2AA8F683C2	1
78	nötig	O	none	0
79	wurde	O	none	0
80	und	O	none	0
81	.	O	none	0
82	als	O	none	0
83	Leider	O	none	0
84	Wagen	B-Ort-Container	B5F97355-2BAB-4D52-A0CF-4F5954470AA1	1
85	sich	O	none	0
86	staubigen	O	none	0
87	es	O	none	0
88	er	O	none	0
89	auf	O	none	0
90	sie	O	none	0
91	als	O	none	0
92	war	O	none	0
93	einer	O	none	0
94	Kontoauszug	O	none	0
95	Fahrbahn	B-Ort-Container	CCDA33DD-984C-4E61-BFEC-5A74BF6FED33	1
96	 	O	none	0
97	her	B-Richtung	0B0400C4-25B8-4BEA-8130-46428C68AFD9	1
98	Ermutigung	O	none	0
99	,	O	none	0
100	der	O	none	0
101	ihm	O	none	0
102	alten	O	none	0
103	nicht	O	none	0
104	ein	O	none	0
105	solchen	O	none	0
106	.	O	none	0
107	aus	B-Richtung	B31FE101-B136-421D-8646-3C544326ADD5	1
108	hängte	B-Bewegung-Subjekt	01A7F2FE-FC79-40D1-93A1-3501CE7C25EC	1
109	fuhr	B-Bewegung-Subjekt	E04C26CB-1983-4C39-97E0-71BA2F504BB1	1
110	von	B-Richtung-ALT	290A0D44-2BE4-4A66-8BF6-6B514A482199	1
111	der	O	none	0
112	um	O	none	0
113	sie	O	none	0
114	hatte	O	none	0
115	.	O	none	0
116	war	O	none	0
117	hielt	B-Bewegung-ALT	D77288A5-3D93-4077-A8F0-11D2A3C904E9	1
118	die	O	none	0
119	dem	O	none	0
120	künftiger	O	none	0
121	Manchmal	O	none	0
122	verkaufen	B-Bewegung-Subjekt	7D447530-9026-4477-99A4-4E5AF6600800	1
123	,	O	none	0
124	sich	O	none	0
125	der	O	none	0
126	Mädchen	O	none	0
127	.	O	none	0
128	.	O	none	0
129	Zubiß	O	none	0
130	Morgenlicht	B-Ort-Container	09D8693C-4ECE-471F-909B-72866FFB543A	1
131	,	O	none	0
132	ein	O	none	0
133	für	O	none	0
134	vollkräftigen	O	none	0
135	inzwischen	O	none	0
136	der	O	none	0
137	,	O	none	0
138	zu	O	none	0
139	konnte	O	none	0
140	herum	O	none	0
141	B.	O	none	0
142	bewußt	O	none	0
143	Bauch	O	none	0
144	im	B-Positionierung	3C73517C-AF88-4516-9509-E0475770ABB6	1
145	Leute	O	none	0
146	getrennt	B-Bewegung-ALT	9A40E5BF-AE56-4B40-9E35-D2C279AFF97B	1
147	auch	O	none	0
148	täglich	O	none	0
149	aufsuchte	B-Bewegung-Subjekt	189B83A0-EEEE-4C57-B28B-7B61E100B767	1
150	der	O	none	0
151	Hof	B-Ort-Container	C0E0B6B8-5092-4A8E-ABAE-B8775D3E0A7E	1
152	 	O	none	0
153	,	O	none	0
154	,	O	none	0
155	dem	O	none	0
156	hielt	O	none	0
157	machte	B-Bewegung-ALT	EE9CC13B-C898-4550-8D54-3EE46D7CD1F4	2
158	langjährige	O	none	0
159	B.	O	none	0
160	Neongeflecht	O	none	0
161	sich	O	none	0
162	brachte	B-Bewegung-ALT	963A85A8-93E6-4DFC-8C97-9955672CB88C	1
163	teure	O	none	0
164	dreibahnig	B-Dimensionierung-Groesse	CF233474-405B-43BC-8C25-32D9BB293502	2
165	den	O	none	0
166	,	O	none	0
167	den	O	none	0
168	,	O	none	0
169	.	O	none	0
170	dieser	O	none	0
171	unverhofft	O	none	0
172	über	B-Richtung	1828A98D-1170-4E2A-A8C7-ADCC09D3BB3E	1
173	sie	O	none	0
174	Hotels	B-Ort-Container	E9A606AF-8DB8-4CB3-9938-EF72E9299333	1
175	Besitzer	O	none	0
176	,	O	none	0
177	.	O	none	0
178	weniger	O	none	0
179	Unglücksauto	B-Ort-Container-BK	A4035AA7-984B-432B-8D67-B7E60CC7C184	1
180	Mal	O	none	0
181	mehr	O	none	0
182	Ein	O	none	0
183	sich	O	none	0
184	der	O	none	0
185	hielt	B-Bewegung-ALT	69A4BF5F-1DDC-4632-9504-9F41829DDA75	1
186	noch	O	none	0
187	Reparaturkosten	O	none	0
188	Preis	O	none	0
189	geben	O	none	0
190	Geld	O	none	0
191	,	O	none	0
192	Schlitten	B-Ort-Container	1AA8961A-1CC9-45F5-9C43-E4AA54F2A97F	1
193	es	O	none	0
194	Wasser	B-Ort-Container-BK	8AE763E5-965F-4810-8502-10726C281EF0	1
195	der	O	none	0
196	und	O	none	0
197	einen	O	none	0
198	roten	O	none	0
199	Ampelfeuer	O	none	0
200	Verdienst	O	none	0
201	bei	O	none	0
202	,	O	none	0
203	,	O	none	0
204	die	O	none	0
205	und	O	none	0
206	Schmutz	B-Ort-Container	0F60E4AF-2514-499D-8A27-2AC4A27CD8D0	1
207	lag	O	none	0
208	Sportwagen	B-Ort-Container	283BDA63-C322-42D8-A946-ED2D9D49FB55	1
209	Die	O	none	0
210	und	O	none	0
211	Landstadt	B-Ort-Container	F2B9F412-7430-4923-88D3-679FD42A128D	1
212	,	O	none	0
213	den	O	none	0
214	weiche	O	none	0
215	Zeitung	O	none	0
216	dem	O	none	0
217	dem	O	none	0
218	einen	O	none	0
219	im	B-Positionierung	2CA92DB0-B56F-4F1A-B8B4-7F47FD1E51AC	1
220	Der	O	none	0
221	fünfundzwanzig	O	none	0
222	Schleusenbecken	B-Ort-Container-BK	C873CA85-CB96-4385-B0D6-2D12D9F25A0C	1
223	am	O	none	0
224	zweitausendsten	O	none	0
225	schon	O	none	0
226	nicht	O	none	0
227	,	O	none	0
228	knittrigen	O	none	0
229	er	O	none	0
230	der	O	none	0
231	Bedürftige	O	none	0
232	Ding	B-Ort-Container	3EA1F6E4-0A86-4927-B9F6-3BDD8C2EC7B6	1
233	alten	O	none	0
234	den	O	none	0
235	fuhr	B-Bewegung-Subjekt	63FB4815-497B-4EC8-8017-5E69782C986F	1
236	sein	O	none	0
237	die	O	none	0
238	er	O	none	0
239	Ehepaare	O	none	0
240	Er	O	none	0
241	sich	O	none	0
242	kniete	B-Bewegung-Subjekt	61A7A73C-7B64-41B6-8289-18F2F23D3C2D	1
243	hochbeinige	O	none	0
244	Als	O	none	0
245	Vieles	O	none	0
246	auf	B-Richtung	5585FCBF-A53C-4513-AA7C-8FC544411BBB	1
247	abhanden	O	none	0
248	Neuauflage	O	none	0
249	rasch	O	none	0
250	Öl	O	none	0
251	der	O	none	0
252	beim	O	none	0
253	Alte	O	none	0
254	Toben	O	none	0
255	alles	O	none	0
256	fünftausend	B-Dimensionierung-Menge	7E0B04C1-C34F-4CA8-ACD5-2DA3EAFFE919	1
257	zweiten	O	none	0
258	den	O	none	0
259	Mann	O	none	0
260	für	O	none	0
261	Stadt	B-Ort-Container	2C9F03A3-A563-4686-912C-E811ED367C0D	1
262	sprungsüchtige	O	none	0
263	auf	B-Richtung-ALT	507E7CAD-B8AD-49FD-A879-ACB4C22AD4FC	1
264	kam	B-Bewegung-ALT	E24C30FB-B2B5-496E-B8E1-0B343B686356	2
265	und	O	none	0
266	des	O	none	0
267	als	O	none	0
268	dem	O	none	0
269	neuen	O	none	0
270	bedankte	B-Bewegung-ALT	CE756391-D987-4011-A09D-3C6D6DDC0C30	1
271	dürfen	O	none	0
272	die	O	none	0
273	,	O	none	0
274	zweier	O	none	0
275	und	O	none	0
276	Westberlin	B-Ort-Container	7F6E97E8-A877-45C4-995C-1E95430636C3	1
277	dem	O	none	0
278	Nacht	O	none	0
279	auf	O	none	0
280	einmal	O	none	0
281	städtischen	O	none	0
282	Bilder	O	none	0
283	geradeheraus	O	none	0
284	Umgehungsstraße	B-Ort-Container	91B60F7A-5752-4AC4-B265-4C51AD6B6D2A	1
285	Wasser	O	none	0
286	Gespräch	O	none	0
287	Instandsetzung	O	none	0
288	Tagen	O	none	0
289	B.	O	none	0
290	,	O	none	0
291	verteilte	B-Bewegung-Subjekt	6B998FF2-90A6-4C93-B9E8-91B579C4AB1A	1
292	Uhr	O	none	0
293	diesem	O	none	0
294	Spiegel	O	none	0
295	,	O	none	0
296	Ersparnisse	O	none	0
297	,	O	none	0
298	,	O	none	0
299	.	O	none	0
300	,	O	none	0
301	Jahre	O	none	0
302	noch	O	none	0
303	in	B-Richtung	517C5427-A62C-40E2-985B-4ACC888C96E0	1
304	ihm	O	none	0
305	hatte	O	none	0
306	August	O	none	0
307	Kinos	B-Ort-Container	384EE027-C385-4E0F-B0A3-6201782D71ED	1
308	Karren	B-Ort-Container	2FFA40D4-7429-4818-B340-B4510DEC97CB	1
309	.	O	none	0
310	ab	O	none	0
311	Wagen	B-Ort-Container	BE1D9DE5-6E22-43F1-AEFA-AB169ED1765A	1
312	Farbfleck	O	none	0
313	pulvertrockenen	O	none	0
314	der	O	none	0
315	ihn	O	none	0
316	dünnen	B-Dimensionierung-Groesse	9F31CB9E-9BAD-456A-B36B-C9D7FF702094	1
317	führte	B-Bewegung-Subjekt	1234A54D-2AE7-4203-8729-BED5FE7B70C9	1
318	Monate	O	none	0
319	ans	B-Richtung	872375B2-B473-4399-AD6C-2250F6B1F97C	1
320	und	O	none	0
321	der	O	none	0
322	zuliebe	O	none	0
323	Rücken	O	none	0
324	zehn	O	none	0
325	und	O	none	0
326	,	O	none	0
327	andere	O	none	0
328	,	O	none	0
329	handelte	O	none	0
330	,	O	none	0
331	der	O	none	0
332	,	O	none	0
333	bemerken	B-Bewegung-ALT	A47F65A4-6E32-41DC-B7B6-4B3C5D7BFC5A	1
334	Masse	O	none	0
335	danach	B-Richtung	CFEE1019-36D6-430E-A046-5716EB1618FC	1
336	B.s	O	none	0
337	,	O	none	0
338	Geschäft	B-Ort-ALT	126918F1-D77D-43FB-8DB7-88BAC10E2479	1
339	nicht	O	none	0
340	in	B-Positionierung	5E5C43D2-82BE-4D80-9E33-AD2B1043213D	1
341	Sportwagen	B-Ort-Container	F46C28D4-3667-48B4-9C71-7B4805CF96E1	1
342	nach	B-Richtung-ALT	C5F581E9-C7BB-4372-9B62-F9A0B6784B19	1
343	in	O	none	0
344	kauerte	B-Bewegung-Subjekt	A2738B05-EF61-454F-ABA7-F1F12C26EF90	1
345	ihm	O	none	0
346	konnte	O	none	0
347	mit	O	none	0
348	,	O	none	0
349	.	O	none	0
350	Wagen	B-Ort-Container	862763B2-D834-416B-BEAA-89DE2F4F4B8D	1
351	sich	O	none	0
352	Wagen	B-Ort-Container	4B67A786-5C9C-4784-8203-09812DEFFE5B	1
353	Er	O	none	0
354	sich	O	none	0
355	Art	O	none	0
356	Morgen	O	none	0
357	der	B-Positionierung	46E2AC79-CBCD-4238-93C5-0EFF3158E8D5	1
358	zu	O	none	0
359	gelang	B-Bewegung-ALT	8B12C89E-24E7-4056-90B0-1AA9CDCB223E	1
360	die	O	none	0
361	triefenden	O	none	0
362	nur	O	none	0
363	ihm	O	none	0
364	er	O	none	0
365	.	O	none	0
366	recht	O	none	0
367	Mädchen	O	none	0
368	war	O	none	0
369	zu	O	none	0
370	,	O	none	0
371	ein	O	none	0
372	wies	B-Bewegung-Subjekt	C10BDD6F-6F42-4A26-B21F-3E02C612B239	1
373	.	O	none	0
374	leichter	O	none	0
375	gewaschen	B-Bewegung-Subjekt	0F0CB2A3-5BAA-4473-90EE-A3C74C042B8F	1
376	wurde	O	none	0
377	 	O	none	0
378	und	O	none	0
379	.	O	none	0
380	rieb	B-Bewegung-Subjekt	F7FFD406-6321-4452-B4B5-BC485B765FC0	2
381	scheidende	O	none	0
382	sich	O	none	0
383	Zudem	O	none	0
384	eines	O	none	0
385	Sammelband	O	none	0
386	kaufte	B-Bewegung-Subjekt	BEBF711F-9A5E-4F62-9418-2443740BD6F5	1
387	im	O	none	0
388	Verkehrsunfall	O	none	0
389	damit	O	none	0
390	,	O	none	0
391	daß	O	none	0
392	Leider	O	none	0
393	tüchtig	O	none	0
394	leer	O	none	0
395	hergestellt	O	none	0
396	war	O	none	0
397	es	O	none	0
398	die	O	none	0
399	im	B-Positionierung	1EE95E89-31EB-40B4-BB0E-68483082D604	1
400	Knie	O	none	0
401	Straße	B-Ort-Container	0247629B-0A0A-4CC7-851C-C79BA3D92F96	1
402	die	O	none	0
403	im	O	none	0
404	im	O	none	0
405	und	O	none	0
406	waren	O	none	0
407	Radspeichen	O	none	0
408	Noch	O	none	0
409	der	O	none	0
410	war	O	none	0
411	Bewunderung	O	none	0
412	In	O	none	0
413	sich	O	none	0
414	und	O	none	0
415	er	O	none	0
416	ein	O	none	0
417	.	O	none	0
418	mit	O	none	0
419	ein	B-Bewegung-Subjekt	F7FFD406-6321-4452-B4B5-BC485B765FC0	2
420	Hilfen	O	none	0
421	am	B-Positionierung	C380BEB9-CF91-4EBF-BF86-7F2B1F88BA01	1
422	die	O	none	0
423	in	B-Positionierung	1C6D41AA-B7B4-4D63-B8AB-5B650CE00E88	1
424	Kurgäste	O	none	0
425	,	O	none	0
426	,	O	none	0
427	Jeden	O	none	0
428	gab	B-Bewegung-ALT	DFFE913B-D7DF-4E5C-A8F3-4CD61CA80C25	1
429	.	O	none	0
430	  	O	none	0
431	und	O	none	0
432	setzen	B-Bewegung-ALT	FA6FBDCE-5BFE-4567-9524-2D7E75849929	1
433	,	O	none	0
434	über	B-Richtung	DC0F7C3A-DF05-454F-8467-A260B3C621CC	1
435	junge	O	none	0
436	dritten	O	none	0
437	der	O	none	0
438	einige	B-Dimensionierung-Menge	AEAD6ED8-E152-4301-97B9-EBA832CB194D	1
439	,	O	none	0
440	mit	O	none	0
441	ans	B-Richtung	8C303337-6C6D-408C-A9E1-6709740DF918	1
442	Stadtkino	B-Ort-Container	4BF11E01-A6EB-4895-B9BB-DA6312D6B1CC	1
443	die	O	none	0
444	Kopf	O	none	0
445	anderen	O	none	0
446	die	O	none	0
447	auszublicken	B-Bewegung-Licht	CE69A940-54E5-41DE-A5D0-4BA8C8927287	1
448	den	O	none	0
449	eigenen	O	none	0
450	im	B-Positionierung	413924AB-0A59-4613-BA65-36D37B7AEB2A	1
451	er	O	none	0
452	können	O	none	0
453	genommen	B-Bewegung-ALT	97E226EA-436B-4230-8EE7-9FAE4026CE06	1
454	dem	O	none	0
455	übern	B-Richtung	30EBD3A8-0CE2-4EC8-8CCF-897427BA38E2	1
456	das	O	none	0
457	in	B-Positionierung	0BD35D95-710F-4FEC-ADF9-B10643241282	1
458	Da	B-Positionierung	7002F838-7B0A-4C57-A748-93A282FC69BE	1
459	ging	B-Bewegung-Subjekt	FA254334-0890-492B-9DA0-15EE7C8EAA86	1
460	halb	O	none	0
461	nachdem	O	none	0
462	Holsteins	B-Ort-Container	0B7BAF5B-BDB7-4EB2-AE2C-61F88ADA4D55	1
463	die	O	none	0
464	vorfuhr	B-Bewegung-Subjekt	CD32E911-5528-4FF8-AD47-1F2918D9B090	1
465	sei	O	none	0
466	Kamera	O	none	0
467	ohne	O	none	0
468	einen	O	none	0
469	er	O	none	0
470	Bergung	O	none	0
471	Der	O	none	0
472	dem	O	none	0
473	Straßenausbesserungen	B-Ort-Container	F13D622E-D041-40B4-9351-AD0B58E414FD	1
474	Rinnstein	B-Ort-Objekt	B516FDDA-C33E-498C-AB16-42AB737F30B7	1
475	sommerlichen	O	none	0
476	verkaufte	B-Bewegung-Subjekt	08DCE1FD-CAC6-4440-928D-C4DB0D9DB2D6	1
477	das	O	none	0
478	erkundigt	B-Bewegung-Schall	03CB6697-8501-4E68-A8F9-0E1551846C32	1
479	,	O	none	0
480	mit	O	none	0
481	wenn	O	none	0
482	seinen	O	none	0
483	möblierten	O	none	0
484	Scheunenbrand	O	none	0
485	zeigten	B-Bewegung-ALT	041ACE31-E257-42E9-BA49-F3DC9037C955	1
486	,	O	none	0
487	einen	O	none	0
488	Dann	O	none	0
489	Wagen	B-Ort-Container	1BB05242-D5DA-4041-AAB1-B2028ADC63D4	1
490	hin	B-Richtung	394791D2-6021-462A-AB3E-39C25D44EA04	1
491	.	O	none	0
492	zum	O	none	0
493	und	O	none	0
494	Jahre	O	none	0
495	,	O	none	0
496	und	O	none	0
497	Hüfte	O	none	0
498	ihm	O	none	0
499	.	O	none	0
500	Brauchbar	O	none	0
501	Kopf	O	none	0
502	Endlich	O	none	0
503	Abgesandte	O	none	0
504	Der	O	none	0
505	auf	B-Positionierung	2430C50C-78D8-4EA1-B11E-A6DBF04CFE9C	1
506	wenn	O	none	0
507	und	O	none	0
508	,	O	none	0
509	,	O	none	0
510	die	O	none	0
511	blieb	O	none	0
512	des	B-Positionierung	8C6A4B8C-2E69-4A27-B2E6-25B813587A23	1
513	im	O	none	0
514	einziges	O	none	0
515	wenig	O	none	0
516	vergaß	O	none	0
517	wischte	B-Bewegung-Subjekt	0B719215-CD9D-48C9-9640-099EE28E37BC	1
518	ihm	O	none	0
519	solche	O	none	0
520	mit	O	none	0
521	,	O	none	0
522	Lack	O	none	0
523	fünf	O	none	0
524	als	O	none	0
525	Herr	O	none	0
526	Jahren	O	none	0
527	,	O	none	0
528	daß	O	none	0
529	gleichen	O	none	0
530	Rumpf	O	none	0
531	sprach	O	none	0
532	danach	O	none	0
533	er	O	none	0
534	gekommen	B-Bewegung-ALT	10C5DF3B-D969-42EA-8C2E-5519AA215528	1
535	Stadtverwaltung	O	none	0
536	Hand	O	none	0
537	allabendlich	O	none	0
538	,	O	none	0
539	schwitzenden	O	none	0
540	,	O	none	0
541	einer	O	none	0
542	er	O	none	0
543	Motor	O	none	0
544	ausländischer	O	none	0
545	Industrie	O	none	0
546	,	O	none	0
547	damals	O	none	0
548	wandte	B-Bewegung-Subjekt	DE543749-BE1D-4039-A61B-A98CBB82FE9F	1
549	ließ	O	none	0
550	Platz	B-Ort-Container	662FFA1E-F6CE-4E1F-9C1A-4386A3DBA4E0	1
551	dem	O	none	0
552	die	O	none	0
553	Fenster	B-Ort-Objekt-BK	F1BD1E1D-3C76-4065-ADA1-EB543DFA4452	1
554	ihm	O	none	0
555	Herr	O	none	0
556	umstehenden	B-Positionierung	93E6CF8B-D450-46CD-812B-9E4792E10507	1
557	auf	B-Bewegung-Licht	B99D340E-DB5A-4416-A99F-800505582F92	2
558	nichts	O	none	0
559	dem	O	none	0
560	Umkreis	B-Ort-Container	F2EDEF54-DD80-4BA0-8D02-D4C58E59672B	1
561	Er	O	none	0
562	.	O	none	0
563	nahm	B-Bewegung-Licht	B99D340E-DB5A-4416-A99F-800505582F92	2
564	Exemplar	O	none	0
565	auf	B-Positionierung	42730D30-6A89-48F4-8FD1-EC08B8A395D8	1
566	aber	O	none	0
567	.	O	none	0
568	um	O	none	0
569	traf	B-Bewegung-Licht	A5DEE2B1-DE85-4B39-A71F-0B8579C66324	1
570	aus	B-Bewegung-ALT	EE9CC13B-C898-4550-8D54-3EE46D7CD1F4	2
571	die	O	none	0
572	verschenken	B-Bewegung-Subjekt	D767732E-988B-4C9B-99C1-6C941D79E44E	1
573	,	O	none	0
574	zu	O	none	0
575	Grundsteinlegung	O	none	0
576	in	O	none	0
577	an	O	none	0
578	Das	O	none	0
579	,	O	none	0
580	Er	O	none	0
581	Tag	O	none	0
582	der	O	none	0
583	ins	B-Richtung-ALT	79F5CBCD-C4A9-4048-88BE-49251B9744FE	1
584	wie	O	none	0
585	Bürgermeister	O	none	0
586	hätte	O	none	0
587	.	O	none	0
588	und	O	none	0
589	Visitenkarten	O	none	0
590	zu	O	none	0
591	ausgingen	B-Bewegung-ALT	F4F50FE6-9640-4ACF-8D78-9C728D6F9589	1
592	,	O	none	0
593	glaubte	O	none	0
594	Monat	O	none	0
595	,	O	none	0
596	im	B-Positionierung	0B904D8A-4AE3-4308-877A-EB01EA0A30E9	1
597	wegen	O	none	0
598	die	O	none	0
599	verdient	O	none	0
600	höheren	B-Dimensionierung-ALT	C93B2621-84DE-4226-93DD-762934DBB9C0	1
601	Januar	O	none	0
602	rote	O	none	0
603	.	O	none	0
604	es	O	none	0
605	B.	O	none	0
606	,	O	none	0
607	B.	O	none	0
608	von	O	none	0
609	putzte	B-Bewegung-Subjekt	2C053BBC-B91E-47FF-A78B-7D0AE80BF761	1
610	.	O	none	0
611	und	O	none	0
612	und	O	none	0
613	ein	O	none	0
614	zu	O	none	0
615	er	O	none	0
616	den	O	none	0
617	als	O	none	0
618	das	O	none	0
619	und	O	none	0
620	für	O	none	0
621	war	O	none	0
622	Poliermitteln	O	none	0
623	aber	O	none	0
624	Kilometern	I-Dimensionierung-Abstand	AB59088B-D898-46B2-8BA1-D5832BC0F468	3
625	ging	B-Bewegung-Subjekt	FC943CC4-222B-4206-A224-DDA5EED26C99	1
626	ausgebauten	I-Dimensionierung-Groesse	CF233474-405B-43BC-8C25-32D9BB293502	2
627	in	B-Positionierung	9A3FBB7B-634F-44AD-8282-317520317FB6	1
628	Verdacht	O	none	0
629	ging	B-Bewegung-Subjekt	A107B7B0-41A6-464F-B28C-F3E72C061E2E	1
630	Schaufenster	B-Ort-Container	F4ECB6F3-53C9-4DB3-9B12-A84755EE30DE	1
631	kam	O	none	0
632	erst	O	none	0
633	im	B-Positionierung	27918E49-1BA4-473F-994A-0D08FF1731E3	1
634	B.	O	none	0
635	Kran	B-Ort-Container	BA562353-50B9-4A48-B00F-53D605B5759E	1
636	dem	O	none	0
637	dem	O	none	0
638	würde	O	none	0
639	die	O	none	0
640	schneiden	B-Bewegung-ALT	ECAE6477-9119-436D-9870-2CAD3D2341D1	1
641	zweitenmal	O	none	0
642	großes	B-Dimensionierung-ALT	D2CB2ACD-8B01-41B0-B245-997CBD8A6131	1
643	Fotografien	O	none	0
644	erst	O	none	0
645	Fotografien	O	none	0
646	nutzte	O	none	0
647	sich	O	none	0
648	,	O	none	0
649	.	O	none	0
650	erste	O	none	0
651	den	O	none	0
652	Türschlösser	B-Ort-Objekt	5962BEAD-E389-4A0E-80E6-0C9E856395BA	1
653	legte	B-Bewegung-Subjekt	779F13AE-7619-419F-BD6C-C47DB7123E20	1
654	sparte	O	none	0
655	er	O	none	0
656	seine	O	none	0
657	schlafen	O	none	0
658	B.	O	none	0
659	und	O	none	0
660	Ladenstraßen	B-Ort-Container	20ADD7AF-BD44-4A85-9C11-143B10CF86D1	1
661	hatte	O	none	0
662	Bude	B-Ort-Container	9801F81B-8E88-4917-9B56-FB59020FA073	1
663	fälligen	O	none	0
664	kam	B-Bewegung-ALT	95A7C6E6-2121-4342-80B9-C2BD096C0DEE	1
665	er	O	none	0
666	Ponton	B-Ort-Container	AC33858D-0FB0-435D-9E1A-897A29C29960	1
667	Der	O	none	0
668	für	O	none	0
669	das	O	none	0
670	griff	B-Bewegung-ALT	E129393F-1DFF-4A5B-BC6D-DDF695BCCA68	1
671	hätte	O	none	0
672	Stück	B-Ort-ALT	3BF24AA7-4F27-47A1-9EDB-D9C349B8137C	1
673	verirrte	B-Bewegung-Objekt	7D669745-0906-4952-A947-1550C8BF01CE	1
674	Fenster	B-Ort-Objekt-BK	88A5D2FD-405B-4C51-88A0-2C4CEDB199A6	1
675	Verhandlungen	O	none	0
676	zustande	O	none	0
677	bei	O	none	0
678	kaufen	B-Bewegung-Subjekt	7C8BC9F7-FDD0-42C8-A4E4-43F0A9266350	1
679	.	O	none	0
680	auch	O	none	0
681	Fotografien	O	none	0
682	den	O	none	0
683	hatte	O	none	0
684	war	O	none	0
685	nur	O	none	0
686	fremde	O	none	0
687	Teil	O	none	0
688	ersten	O	none	0
689	die	O	none	0
690	alt	O	none	0
691	Touristen	O	none	0
692	bog	B-Bewegung-Subjekt	DAD59FB4-AFFA-4140-A6AE-AA3FF3D62003	1
693	abergläubisch	O	none	0
694	Jungen	O	none	0
695	Geschick	O	none	0
696	auch	O	none	0
697	aus	B-Bewegung-ALT	E24C30FB-B2B5-496E-B8E1-0B343B686356	2
698	Besitzer	O	none	0
699	und	O	none	0
700	blank	O	none	0
701	,	O	none	0
702	und	O	none	0
703	Kreiszeitung	O	none	0
704	mittelgroßen	B-Dimensionierung-Groesse	75A15563-43FB-41BC-8C7C-F55D2445950B	1
705	Rasieren	O	none	0
706	.	O	none	0
707	die	O	none	0
708	den	O	none	0
709	die	O	none	0
710	zugange	O	none	0
711	hätte	O	none	0
712	Tage	O	none	0
713	wie	O	none	0
714	reine	O	none	0
715	Unschicklichkeit	O	none	0
716	Erzeugnis	O	none	0
717	unentbehrlich	O	none	0
718	Wagen	B-Ort-Container	1E216AF6-1790-440F-87C6-FA13A061380F	1
719	B.	O	none	0
720	von	B-Dimensionierung-Abstand	AB59088B-D898-46B2-8BA1-D5832BC0F468	3
721	Juli	O	none	0
722	verlassen	B-Bewegung-Subjekt	7C6CEC9E-5BDF-46E8-ABA9-C0AF689F6203	1
723	Aussehen	O	none	0
724	über	B-Positionierung	721792E6-D9F3-4A25-90DA-94EF4554AE85	1
725	Wagen	B-Ort-Container	8B573060-8C8C-4DF1-85BD-488E44BA3602	1
726	der	O	none	0
727	,	O	none	0
728	heile	O	none	0
729	bequemen	B-Dimensionierung-Groesse	EB6C832A-3357-440C-BED7-0C77ACF2175A	1
730	er	O	none	0
731	massigen	B-Dimensionierung-Groesse	D19D3595-627D-4E79-979D-8DCEE5095336	1
732	So	O	none	0
733	Ledersitze	O	none	0
734	.	O	none	0
735	er	O	none	0
736	die	O	none	0
737	ihm	O	none	0
738	,	O	none	0
739	hockte	B-Bewegung-Subjekt	FF43ABFB-EFBF-4C75-9384-70919BFE024B	1
740	,	O	none	0
741	Er	O	none	0
742	die	O	none	0
743	fotografierte	B-Bewegung-Licht	65F7448A-F7A3-450E-8F03-8B9376EABB22	1
