Token_ID	Text_Pointer	Token	Tag	Annotation_ID	Multi_Token_Annotation
0	0	Capítulo	O	none	0
1	9	I	O	none	0
2	10	\n	O	none	0
3	11	En	O	none	0
4	14	una	O	none	0
5	18	tarde	O	none	0
6	24	de	O	none	0
7	27	mayo	O	none	0
8	32	de	O	none	0
9	35	uno	O	none	0
10	39	de	O	none	0
11	42	los	O	none	0
12	46	primeros	O	none	0
13	55	años	O	none	0
14	60	del	O	none	0
15	64	siglo	O	none	0
16	70	XIV	O	none	0
17	73	,	O	none	0
18	75	volvían	B-Movimiento-Sujeto	AA108CCA-F005-41D8-87C4-7346EB413C05	1
19	83	de	O	none	0
20	86	la	O	none	0
21	89	feria	O	none	0
22	95	de	O	none	0
23	98	San	O	none	0
24	102	Marcos	O	none	0
25	109	de	B-Dirección	BCADCEF6-4B63-4B25-88FC-7664313B1EAB	1
26	112	Cacabelos	B-Lugar-Contenedor-CM	A55230C5-8BEA-4071-805B-6F1173018F61	1
27	122	tres	B-Dimensionamiento-Cantitad	29269242-FE3E-4D2B-AABF-BD2F44A954F4	1
28	126	,	O	none	0
29	128	al	O	none	0
30	131	parecer	O	none	0
31	138	,	O	none	0
32	140	criados	O	none	0
33	148	de	O	none	0
34	151	alguno	O	none	0
35	158	de	O	none	0
36	161	los	O	none	0
37	165	grandes	B-Dimensionamiento-ALT	A7C14517-8C7F-46ED-91F4-80418786582C	1
38	173	señores	O	none	0
39	181	que	O	none	0
40	185	entonces	O	none	0
41	194	se	O	none	0
42	197	repartían	B-Movimiento-ALT	4B87DC72-D255-4A8B-A0B4-0F22339DCCF1	1
43	207	el	O	none	0
44	210	dominio	B-Lugar-Contenedor	FB211BE2-359A-403F-9103-95C5C4D6C77B	1
45	218	del	O	none	0
46	222	Bierzo	B-Lugar-Contenedor	0F1C1609-406D-442F-A1D9-DF411A0DCBF2	1
47	228	.	O	none	0
48	230	El	O	none	0
49	233	uno	O	none	0
50	237	de	O	none	0
51	240	ellos	O	none	0
52	245	,	O	none	0
53	247	como	O	none	0
54	252	de	O	none	0
55	255	cincuenta	O	none	0
56	265	y	O	none	0
57	267	seis	O	none	0
58	272	años	O	none	0
59	277	de	O	none	0
60	280	edad	O	none	0
61	284	,	O	none	0
62	286	montaba	B-Movimiento-Sujeto	57B979AC-4F28-4B22-8F84-9BD06C068C85	1
63	294	una	O	none	0
64	298	jaca	B-Lugar-Contenedor	3638FB18-FD05-4ED9-8CC9-551A0D3BA63D	2
65	303	gallega	I-Lugar-Contenedor	3638FB18-FD05-4ED9-8CC9-551A0D3BA63D	2
66	311	de	O	none	0
67	314	estampa	O	none	0
68	322	poco	O	none	0
69	327	aventajada	O	none	0
70	337	,	O	none	0
71	339	pero	O	none	0
72	344	que	O	none	0
73	348	a	B-Dimensionamiento-Distancia	185F0FC6-5E61-46A4-BC52-BAC32CF0D15B	4
74	350	tiro	I-Dimensionamiento-Distancia	185F0FC6-5E61-46A4-BC52-BAC32CF0D15B	4
75	355	de	I-Dimensionamiento-Distancia	185F0FC6-5E61-46A4-BC52-BAC32CF0D15B	4
76	358	ballesta	I-Dimensionamiento-Distancia	185F0FC6-5E61-46A4-BC52-BAC32CF0D15B	4
77	367	descubría	B-Movimiento-Luz	107EE3F8-8704-4DAA-BD40-9874D154B583	1
78	377	la	O	none	0
79	380	robustez	O	none	0
80	389	resistencia	O	none	0
81	401	propias	O	none	0
82	409	para	O	none	0
83	414	los	O	none	0
84	418	ejercicios	O	none	0
85	429	venatorios	O	none	0
86	439	,	O	none	0
87	441	y	O	none	0
88	443	en	B-Posicionamiento	8558FD1E-7339-4D66-B076-F055817A7365	1
89	446	el	O	none	0
90	449	puño	O	none	0
91	454	izquierdo	B-Posicionamiento	0D44BFBD-9CA0-4E23-BF25-14C830463D04	1
92	464	cubierto	B-Movimiento-Objeto	5BBBDA20-6656-4B18-A7D3-AFB6D315277E	1
93	473	con	O	none	0
94	477	su	O	none	0
95	480	guante	O	none	0
96	487	llevaba	B-Movimiento-Sujeto	329693A7-FA67-4705-A012-C18560039FCC	1
97	495	un	O	none	0
98	498	neblí	O	none	0
99	504	encaperuzado	B-Movimiento-Sujeto	1B1F2D82-D46A-42E1-ADC8-5A76C31F2AA7	1
100	516	.	O	none	0
101	518	Registrando	B-Movimiento-Luz	E65D51E1-A129-4E68-8B6D-DEECB00EEEC2	1
102	530	ambas	B-Dimensionamiento-Cantitad	BBAB2403-B849-4D56-B0D2-521EECAF714D	1
103	536	orillas	B-Lugar-Objeto	42D73081-AF6B-4752-A468-59D215BA4B3F	1
104	544	del	B-Posicionamiento	57D9C781-4F9F-4361-B124-0F26586087D3	1
105	548	camino	B-Lugar-Contenedor	5CD80816-F9FF-461B-860B-02999895DE29	1
106	554	,	O	none	0
107	556	pero	O	none	0
108	561	atento	O	none	0
109	568	a	B-Dirección	4EF2388A-2C70-4D51-AAC3-7DE40F0C99E4	1
110	570	su	O	none	0
111	573	voz	O	none	0
112	577	y	O	none	0
113	579	señales	O	none	0
114	586	,	O	none	0
115	588	iba	B-Movimiento-Sujeto	8B681901-BF8B-4A60-BB9C-ED2747A29434	1
116	592	un	O	none	0
117	595	sabueso	O	none	0
118	603	de	O	none	0
119	606	hermosa	O	none	0
120	614	raza	O	none	0
121	618	.	O	none	0
122	620	Este	O	none	0
123	625	hombre	O	none	0
124	632	tenía	O	none	0
125	638	un	O	none	0
126	641	cuerpo	O	none	0
127	648	enjuto	B-Dimensionamiento-Tamaño	EB11D0ED-93AC-48F5-B103-857F125B9515	1
128	655	y	O	none	0
129	657	flexible	O	none	0
130	665	,	O	none	0
131	667	una	O	none	0
132	671	fisonomía	O	none	0
133	681	viva	O	none	0
134	686	y	O	none	0
135	688	atezada	O	none	0
136	695	,	O	none	0
137	697	y	O	none	0
138	699	en	O	none	0
139	702	todo	O	none	0
140	707	su	O	none	0
141	710	porte	O	none	0
142	716	y	O	none	0
143	718	movimientos	O	none	0
144	730	revelaba	B-Movimiento-ALT	B197946D-9035-4F02-B823-6D014F812BC6	1
145	739	su	O	none	0
146	742	ocupación	O	none	0
147	752	y	O	none	0
148	754	oficio	O	none	0
149	761	de	O	none	0
150	764	montero	O	none	0
151	771	.	O	none	0
152	772	\n	O	none	0
153	773	Frisaba	B-Movimiento-ALT	BBEA2F2A-7167-41A1-85C5-8B8F7B3AB05C	1
154	781	el	O	none	0
155	784	segundo	O	none	0
156	792	en	O	none	0
157	795	los	O	none	0
158	799	treinta	O	none	0
159	807	y	O	none	0
160	809	seis	O	none	0
161	814	años	O	none	0
162	818	,	O	none	0
163	820	y	O	none	0
164	822	era	O	none	0
165	826	el	O	none	0
166	829	reverso	O	none	0
167	837	de	O	none	0
168	840	la	O	none	0
169	843	medalla	O	none	0
170	850	,	O	none	0
171	852	pues	O	none	0
172	857	a	O	none	0
173	859	una	O	none	0
174	863	fisonomía	O	none	0
175	873	abultada	B-Dimensionamiento-Tamaño	FE5098C4-311E-4DD8-81E0-B1CE9542D87F	1
176	882	y	O	none	0
177	884	de	O	none	0
178	887	poquísima	O	none	0
179	897	expresión	O	none	0
180	906	,	O	none	0
181	908	reunía	B-Movimiento-ALT	5E1CA3B3-B8ED-420E-8044-6B1DBB2AA57F	1
182	915	un	O	none	0
183	918	cuerpo	O	none	0
184	925	macizo	B-Dimensionamiento-Tamaño	32557D67-B109-4AE2-95CF-7AA220E41512	1
185	932	y	O	none	0
186	934	pesado	B-Dimensionamiento-Tamaño	594C7C98-0122-489C-AA3C-D04BBC1688E4	1
187	940	,	O	none	0
188	942	cuyos	O	none	0
189	948	contornos	B-Lugar-ALT	2A9680DC-EB23-45B2-A71A-0FE735D5E006	1
190	958	de	O	none	0
191	961	suyo	O	none	0
192	966	poco	O	none	0
193	971	airosos	O	none	0
194	978	,	O	none	0
195	980	comenzaba	O	none	0
196	990	a	O	none	0
197	992	borrar	B-Movimiento-ALT	90534CDA-EEDB-45F0-9DFB-362F1FE1F109	1
198	999	la	O	none	0
199	1002	obesidad	O	none	0
200	1010	.	O	none	0
201	1012	El	O	none	0
202	1015	aire	O	none	0
203	1020	de	O	none	0
204	1023	presunción	O	none	0
205	1034	con	O	none	0
206	1038	que	O	none	0
207	1042	manejaba	B-Movimiento-Sujeto	1C00F16F-D42B-469B-AF90-FB2F63D60000	1
208	1051	un	O	none	0
209	1054	soberbio	O	none	0
210	1063	potro	B-Lugar-Contenedor	676B2340-11A2-452A-BC46-A2E3719A6280	2
211	1068	\n	O	none	0
212	1069	andaluz	B-Lugar-Contenedor	676B2340-11A2-452A-BC46-A2E3719A6280	2
213	1077	en	B-Posicionamiento	CA752126-4CBF-4F59-A2E9-FE59F7F83468	1
214	1080	que	O	none	0
215	1084	iba	B-Movimiento-Sujeto	604B589F-940E-48D2-9450-46504CCB0A95	1
216	1088	caballero	O	none	0
217	1097	,	O	none	0
218	1099	y	O	none	0
219	1101	la	O	none	0
220	1104	precisión	O	none	0
221	1114	con	O	none	0
222	1118	que	O	none	0
223	1122	le	O	none	0
224	1125	obligaba	O	none	0
225	1134	a	O	none	0
226	1136	todo	O	none	0
227	1141	género	O	none	0
228	1148	de	O	none	0
229	1151	movimientos	O	none	0
230	1162	,	O	none	0
231	1164	le	O	none	0
232	1167	daban	B-Movimiento-ALT	5D5288B8-7485-476B-A903-4B86AF2622A4	1
233	1173	a	O	none	0
234	1175	conocer	O	none	0
235	1183	como	O	none	0
236	1188	picador	O	none	0
237	1196	o	O	none	0
238	1198	palafrenero	O	none	0
239	1209	,	O	none	0
240	1211	y	O	none	0
241	1213	el	O	none	0
242	1216	tercero	O	none	0
243	1223	,	O	none	0
244	1225	por	O	none	0
245	1229	último	O	none	0
246	1235	,	O	none	0
247	1237	que	O	none	0
248	1241	montaba	B-Movimiento-Sujeto	2DBBEC6C-33D9-4133-964D-F2ABC80E7B92	1
249	1249	un	O	none	0
250	1252	buen	O	none	0
251	1257	caballo	B-Lugar-Contenedor	4235BD8D-B9AF-4912-B605-7FA8AAE32835	1
252	1265	de	O	none	0
253	1268	guerra	O	none	0
254	1275	e	O	none	0
255	1277	iba	B-Movimiento-Sujeto	7F4745F9-B559-47DB-9310-1948CFACFE33	1
256	1281	un	O	none	0
257	1284	poco	O	none	0
258	1289	más	O	none	0
259	1293	lujosamente	O	none	0
260	1305	ataviado	O	none	0
261	1313	,	O	none	0
262	1315	era	O	none	0
263	1319	un	O	none	0
264	1322	mozo	O	none	0
265	1327	de	O	none	0
266	1330	presencia	O	none	0
267	1340	muy	O	none	0
268	1344	agradable	O	none	0
269	1353	,	O	none	0
270	1355	de	O	none	0
271	1358	gran	B-Dimensionamiento-ALT	706FB341-4E8F-4F0F-8CC6-7FE46E762A99	1
272	1363	soltura	O	none	0
273	1371	y	O	none	0
274	1373	despejo	O	none	0
275	1380	,	O	none	0
276	1382	de	O	none	0
277	1385	fisonomía	O	none	0
278	1395	un	O	none	0
279	1397	\n	O	none	0
280	1398	tanto	O	none	0
281	1404	maliciosa	O	none	0
282	1414	y	O	none	0
283	1416	en	O	none	0
284	1419	la	O	none	0
285	1422	flor	O	none	0
286	1427	de	O	none	0
287	1430	sus	O	none	0
288	1434	años	O	none	0
289	1438	.	O	none	0
290	1440	Cualquiera	O	none	0
291	1451	le	O	none	0
292	1454	hubiera	O	none	0
293	1462	señalado	B-Movimiento-ALT	A16B03E4-A31F-4BAF-86F6-E997859C3584	1
294	1471	sin	O	none	0
295	1475	dudar	O	none	0
296	1481	porque	O	none	0
297	1488	era	O	none	0
298	1492	el	O	none	0
299	1495	escudero	O	none	0
300	1504	o	O	none	0
301	1506	paje	O	none	0
302	1511	de	O	none	0
303	1514	lanza	O	none	0
304	1520	de	O	none	0
305	1523	algún	O	none	0
306	1529	señor	O	none	0
307	1535	principal	O	none	0
308	1544	.	O	none	0
309	1546	\n	O	none	0
310	1547	Llevaban	B-Movimiento-Sonido	B1010560-B161-4AB6-87F0-AD9A664A10EE	1
311	1556	los	O	none	0
312	1560	tres	B-Dimensionamiento-Cantitad	B7C568CF-DBE5-4F1B-9F18-054E265A632F	1
313	1565	conversación	O	none	0
314	1578	muy	O	none	0
315	1582	tirada	B-Movimiento-ALT	A865E418-2870-41AE-97F2-81502EB4A89A	1
316	1588	,	O	none	0
317	1590	y	O	none	0
318	1592	como	O	none	0
319	1597	era	O	none	0
320	1601	natural	O	none	0
321	1608	,	O	none	0
322	1610	hablaban	B-Movimiento-Sonido	CF3D4086-9ABF-409A-B579-3A35EBC023B3	1
323	1619	de	O	none	0
324	1622	las	O	none	0
325	1626	cosas	O	none	0
326	1632	de	O	none	0
327	1635	sus	O	none	0
328	1639	respectivos	O	none	0
329	1651	amos	O	none	0
330	1655	,	O	none	0
331	1657	elogiándolos	B-Movimiento-Sonido	AB257E35-B64A-4023-910C-288864A32245	1
332	1670	a	O	none	0
333	1672	menudo	O	none	0
334	1679	y	O	none	0
335	1681	entreverando	B-Movimiento-ALT	860EC010-B3BA-4797-B43B-F35FBEF4B64C	1
336	1694	las	O	none	0
337	1698	alabanzas	O	none	0
338	1708	con	O	none	0
339	1712	su	O	none	0
340	1715	capa	O	none	0
341	1720	correspondiente	O	none	0
342	1736	de	O	none	0
343	1739	murmuración	O	none	0
344	1750	.	O	none	0
345	1751	\n	O	none	0
346	1752	-	O	none	0
347	1753	Dígote	B-Movimiento-Sonido	194E6854-B29E-478B-BE82-E6B5F40217F3	1
348	1760	Nuño	O	none	0
349	1765	-	O	none	0
350	1766	decía	B-Movimiento-Sonido	A2FF0B61-CB4A-4A42-972F-FE3EF3B9BC6D	1
351	1772	el	O	none	0
352	1775	palafrenero-	O	none	0
353	1787	,	O	none	0
354	1789	que	O	none	0
355	1793	nuestro	O	none	0
356	1801	amo	O	none	0
357	1805	obra	O	none	0
358	1810	como	O	none	0
359	1815	un	O	none	0
360	1818	hombre	O	none	0
361	1824	,	O	none	0
362	1826	porque	O	none	0
363	1833	eso	O	none	0
364	1837	de	O	none	0
365	1840	dar	B-Movimiento-ALT	5B5FE48A-770D-4332-84EE-3F25D802AA71	1
366	1844	la	O	none	0
367	1847	hija	O	none	0
368	1852	única	O	none	0
369	1858	y	O	none	0
370	1860	heredera	O	none	0
371	1869	de	O	none	0
372	1872	la	O	none	0
373	1875	casa	B-Lugar-ALT	C846CE69-DE8C-43BE-8B36-041E589B3C2F	1
374	1880	de	B-Dirección	6538F5E6-25AB-43F3-873F-E1DD8FE34A4C	1
375	1883	Arganza	B-Lugar-Contenedor	1D6B8D6E-0F76-420D-BA7E-3DC8A271364E	1
376	1891	a	B-Dirección-ALT	71E68F3E-4C2D-4DF0-BC49-C7AEDBE5E77C	1
377	1893	un	O	none	0
378	1896	hidalguillo	O	none	0
379	1908	de	O	none	0
380	1911	tres	O	none	0
381	1916	al	O	none	0
382	1919	cuarto	O	none	0
383	1925	,	O	none	0
384	1927	pudiendo	O	none	0
385	1936	casarla	O	none	0
386	1944	con	O	none	0
387	1948	un	O	none	0
388	1951	señor	O	none	0
389	1957	tan	O	none	0
390	1961	poderoso	O	none	0
391	1969	,	O	none	0
392	1971	como	O	none	0
393	1976	el	O	none	0
394	1979	conde	O	none	0
395	1985	de	B-Dirección	652EDFCD-6ED1-4366-88D1-EBC130ABDD31	1
396	1988	Lemus	B-Lugar-Contenedor	8DCF43B9-FEA0-4D1B-B4AF-14D2931162FB	1
397	1993	,	O	none	0
398	1995	sería	O	none	0
399	2001	peor	O	none	0
400	2006	que	O	none	0
401	2010	asar	O	none	0
402	2015	la	O	none	0
403	2018	manteca	O	none	0
404	2025	.	O	none	0
405	2027	¡	O	none	0
406	2028	Miren	B-Movimiento-Luz	16FCA4D1-21AF-4313-BA7E-D27DCFB53D55	1
407	2034	que	O	none	0
408	2038	era	O	none	0
409	2042	acomodo	O	none	0
410	2050	un	O	none	0
411	2053	señor	O	none	0
412	2059	de	B-Dirección-ALT	C3420E8C-87D7-4733-A515-B90FEA1AB272	1
413	2062	Bembibre	B-Lugar-ALT	766B777B-66E1-4B0A-BB1D-662525F582E7	1
414	2070	!	O	none	0
415	2071	\n	O	none	0
416	2072	-	O	none	0
417	2073	Pero	O	none	0
418	2078	hombre	O	none	0
419	2085	-	O	none	0
420	2086	replicó	B-Movimiento-Sonido	6BA48205-5197-48C4-8D79-68063B8137B5	1
421	2094	el	O	none	0
422	2097	escudero	O	none	0
423	2106	con	O	none	0
424	2110	sorna	O	none	0
425	2115	,	O	none	0
426	2117	aunque	O	none	0
427	2124	no	O	none	0
428	2127	fuesen	O	none	0
429	2134	encaminadas	B-Movimiento-ALT	F3B691F4-70EF-475E-85A9-8E56440A3913	1
430	2146	a	B-Dirección-ALT	852563FA-E60A-4AB5-974B-12D188940569	1
431	2148	él	O	none	0
432	2151	las	O	none	0
433	2155	palabras	O	none	0
434	2164	del	B-Dirección-ALT	DF33DFDA-53D4-4F9F-9D9C-158DDEAACA32	1
435	2168	palafrenero-	O	none	0
436	2180	,	O	none	0
437	2182	¿	O	none	0
438	2183	qué	O	none	0
439	2187	culpa	O	none	0
440	2193	tiene	B-Movimiento-ALT	BD5BE26C-ABA3-42C5-B943-22DF1DCE7F67	1
441	2199	mi	O	none	0
442	2202	dueño	O	none	0
443	2208	de	O	none	0
444	2211	que	O	none	0
445	2215	la	O	none	0
446	2218	doncella	O	none	0
447	2227	de	O	none	0
448	2230	tu	O	none	0
449	2233	joven	O	none	0
450	2239	señora	O	none	0
451	2246	me	O	none	0
452	2249	ponga	B-Movimiento-ALT	6A34CDB9-84EB-46D5-9A53-6BB9D2A89789	1
453	2255	mejor	O	none	0
454	2261	cara	O	none	0
455	2266	que	O	none	0
456	2270	a	B-Dirección-ALT	EEDC3F4F-6FC3-4ECF-8A54-1AD9287A3501	1
457	2272	ti	O	none	0
458	2275	para	O	none	0
459	2280	que	O	none	0
460	2284	le	O	none	0
461	2287	trates	B-Movimiento-ALT	56ED65A5-D648-479D-8630-5EB364C16D3A	1
462	2294	como	O	none	0
463	2299	a	O	none	0
464	2301	real	O	none	0
465	2306	de	O	none	0
466	2309	enemigo	O	none	0
467	2316	?	O	none	0
468	2318	Hubiérasle	O	none	0
469	2329	pedido	B-Movimiento-ALT	D291792F-FEDB-4D81-B0EB-DB94387F9A60	1
470	2336	a	B-Dirección-ALT	FD7322EB-B9AE-411D-B953-E02E9396C22A	1
471	2338	Dios	O	none	0
472	2343	que	O	none	0
473	2347	te	O	none	0
474	2350	diese	B-Movimiento-ALT	215B595D-728B-4809-A920-57FC0FF75F40	1
475	2356	algo	O	none	0
476	2361	más	O	none	0
477	2365	de	O	none	0
478	2368	entendimiento	O	none	0
479	2382	y	O	none	0
480	2384	te	O	none	0
481	2387	dejase	B-Movimiento-ALT	876683E0-37DD-4E28-8FB0-BAFDD1A412E2	1
482	2394	un	O	none	0
483	2397	poco	O	none	0
484	2402	menos	B-Dimensionamiento-Tamaño	F25AA289-6539-44C4-87C8-39898A9660D5	1
485	2408	de	O	none	0
486	2411	carne	O	none	0
487	2416	,	O	none	0
488	2418	que	O	none	0
489	2422	entonces	O	none	0
490	2431	Martina	O	none	0
491	2439	te	O	none	0
492	2442	miraría	B-Movimiento-ALT	090DE4CA-4F3D-4818-A0F4-BDE096DA2796	1
493	2450	con	O	none	0
494	2454	otros	O	none	0
495	2460	ojos	O	none	0
496	2464	,	O	none	0
497	2466	y	O	none	0
498	2468	no	O	none	0
499	2471	vendría	O	none	0
500	2479	a	O	none	0
501	2481	pagar	B-Movimiento-ALT	A5AD7BA3-EC42-4A9A-822E-005431EEE224	1
502	2487	el	O	none	0
503	2490	amo	O	none	0
504	2494	los	O	none	0
505	2498	pecados	O	none	0
506	2506	del	O	none	0
507	2510	mozo	O	none	0
508	2514	.	O	none	0
509	2515	\n	O	none	0
510	2516	Encendióse	B-Movimiento-ALT	9B99D2DD-CFA6-4F7C-B228-6032E4522770	1
511	2527	en	O	none	0
512	2530	ira	O	none	0
513	2534	la	O	none	0
514	2537	espaciosa	B-Dimensionamiento-Tamaño	409BE559-C9A4-4D21-BB22-7B1CF9D79450	1
515	2547	cara	O	none	0
516	2552	del	O	none	0
517	2556	buen	O	none	0
518	2561	palafrenero	O	none	0
519	2573	que	O	none	0
520	2576	,	O	none	0
521	2578	revolviendo	B-Movimiento-Sujeto	74680D7F-5EEC-4D75-AF1D-E6D6D961C519	1
522	2590	el	O	none	0
523	2593	potro	O	none	0
524	2598	,	O	none	0
525	2600	se	O	none	0
526	2603	puso	O	none	0
527	2608	a	O	none	0
528	2610	mirar	B-Movimiento-Luz	B29C3277-E9FA-47B5-8C3B-0B611A7F453C	1
529	2616	de	O	none	0
530	2619	hito	O	none	0
531	2624	en	O	none	0
532	2627	hito	O	none	0
533	2632	al	B-Dirección	7FBCFC16-942B-4B37-9033-3C2BFE7DE548	1
534	2635	escudero	O	none	0
535	2643	.	O	none	0
536	2645	Éste	O	none	0
537	2650	por	O	none	0
538	2654	su	O	none	0
539	2657	parte	O	none	0
540	2663	le	O	none	0
541	2666	pagaba	B-Movimiento-ALT	D963F3F2-ED15-428F-9E3C-9AC66E50C5BE	1
542	2673	en	O	none	0
543	2676	la	O	none	0
544	2679	misma	O	none	0
545	2685	moneda	O	none	0
546	2691	,	O	none	0
547	2693	y	O	none	0
548	2695	además	O	none	0
549	2702	se	O	none	0
550	2705	le	O	none	0
551	2708	reía	B-Movimiento-Sonido	985682C3-C2F0-42E6-8077-3C58C18A889D	1
552	2713	en	O	none	0
553	2716	las	O	none	0
554	2720	barbas	O	none	0
555	2726	,	O	none	0
556	2728	de	O	none	0
557	2731	manera	O	none	0
558	2738	que	O	none	0
559	2741	,	O	none	0
560	2743	sin	O	none	0
561	2747	la	O	none	0
562	2750	mediación	O	none	0
563	2760	del	O	none	0
564	2764	montero	O	none	0
565	2772	Nuño	O	none	0
566	2776	,	O	none	0
567	2778	no	O	none	0
568	2781	sabemos	O	none	0
569	2789	en	O	none	0
570	2792	qué	O	none	0
571	2796	hubiera	O	none	0
572	2804	venido	O	none	0
573	2811	a	O	none	0
574	2813	parar	B-Movimiento-ALT	5A5559B0-CDAA-4613-AA36-38CEFA262401	1
575	2819	aquel	O	none	0
576	2825	coloquio	O	none	0
577	2834	en	O	none	0
578	2837	mal	O	none	0
579	2841	hora	O	none	0
580	2846	comenzado	O	none	0
581	2855	.	O	none	0
582	2856	\n\n     	O	none	0
583	2863	-	O	none	0
584	2864	Mendo	O	none	0
585	2870	-	O	none	0
586	2871	le	O	none	0
587	2874	dijo	B-Movimiento-Sonido	537A9FC5-9A5B-475C-B8F9-4D338E4BB8AB	1
588	2879	al	B-Dirección	96C3038A-3143-46EB-BAA8-9F74F473E8BF	1
589	2882	picador-	O	none	0
590	2890	,	O	none	0
591	2892	has	O	none	0
592	2895	\n	O	none	0
593	2896	andado	B-Movimiento-ALT	EDC9C497-E245-4170-B0EF-95331DE80963	1
594	2903	poco	O	none	0
595	2908	comedido	O	none	0
596	2917	al	O	none	0
597	2920	hablar	B-Movimiento-Sonido	7B9BA534-BEB7-402A-8D0A-0A0677B1F44D	1
598	2927	del	O	none	0
599	2931	señor	O	none	0
600	2937	de	B-Dirección-ALT	13D28675-8F83-4D2B-95BD-019EA9F25789	1
601	2940	Bembibre	B-Lugar-ALT	ABBDDAF2-C7D0-43D7-9D7A-5532B2690065	1
602	2948	,	O	none	0
603	2950	que	O	none	0
604	2954	es	O	none	0
605	2957	un	O	none	0
606	2959	\n	O	none	0
607	2960	caballero	O	none	0
608	2970	principal	O	none	0
609	2980	a	O	none	0
610	2982	quien	O	none	0
611	2988	todo	O	none	0
612	2993	el	O	none	0
613	2996	mundo	B-Lugar-ALT	AA104C92-EFB9-41DC-87C2-D4F495B46DA2	1
614	3002	quiere	O	none	0
615	3009	y	O	none	0
616	3011	estima	O	none	0
617	3018	en	B-Posicionamiento	C8B77F6E-9080-4144-B780-FEECE6AF9DE6	1
618	3021	el	O	none	0
619	3023	\n	O	none	0
620	3024	país	B-Lugar-Contenedor	B2D59773-8C34-4C8F-98A4-B1370DF09E33	1
621	3029	por	O	none	0
622	3033	su	O	none	0
623	3036	nobleza	O	none	0
624	3044	y	O	none	0
625	3046	valor	O	none	0
626	3051	,	O	none	0
627	3053	y	O	none	0
628	3055	te	O	none	0
629	3058	has	O	none	0
630	3062	expuesto	B-Movimiento-ALT	B305C4C5-812D-402C-8A2B-67D4BAC59252	1
631	3071	a	B-Dirección-ALT	7ECD7984-47B2-4410-AA3D-7E6B05D7975D	1
632	3073	las	O	none	0
633	3077	burlas	O	none	0
634	3084	algo	O	none	0
635	3088	\n	O	none	0
636	3089	demasiadamente	O	none	0
637	3104	pesadas	B-Dimensionamiento-ALT	B44EC91E-0E1A-445D-9970-88F366F267B8	1
638	3112	de	O	none	0
639	3115	Millán	O	none	0
640	3121	,	O	none	0
641	3123	que	O	none	0
642	3126	,	O	none	0
643	3128	sin	O	none	0
644	3132	duda	O	none	0
645	3136	,	O	none	0
646	3138	cuida	O	none	0
647	3144	más	O	none	0
648	3148	de	O	none	0
649	3151	la	O	none	0
650	3153	\n	O	none	0
651	3154	honra	O	none	0
652	3160	de	O	none	0
653	3163	su	O	none	0
654	3166	señor	O	none	0
655	3172	que	O	none	0
656	3176	de	O	none	0
657	3179	la	O	none	0
658	3182	caridad	O	none	0
659	3190	a	O	none	0
660	3192	que	O	none	0
661	3196	estamos	O	none	0
662	3204	obligados	B-Movimiento-ALT	6BA44E6C-1AFC-44F6-9162-8604C9E7AD42	1
663	3214	los	O	none	0
664	3217	\n	O	none	0
665	3218	cristianos	O	none	0
666	3228	.	O	none	0
667	3229	\n	O	none	0
668	3230	-	O	none	0
669	3231	Lo	O	none	0
670	3234	que	O	none	0
671	3238	yo	O	none	0
672	3241	digo	B-Movimiento-ALT	DC022BFD-623E-4D82-B5FB-36B3B49818F9	1
673	3246	es	O	none	0
674	3249	que	O	none	0
675	3253	nuestro	O	none	0
676	3261	amo	O	none	0
677	3265	hace	B-Movimiento-ALT	6D16652C-B95F-4B8B-99BF-C4D48EFB8DD0	1
678	3270	muy	O	none	0
679	3274	bien	O	none	0
680	3279	en	O	none	0
681	3282	no	O	none	0
682	3285	dar	B-Movimiento-ALT	F3836783-52F9-4EF8-B1C0-07D0BCB02A66	1
683	3289	su	O	none	0
684	3292	hija	O	none	0
685	3297	a	B-Dirección-ALT	EC332A34-C4D5-4003-A534-401259388E0F	1
686	3299	don	O	none	0
687	3303	Álvaro	O	none	0
688	3310	Yáñez	O	none	0
689	3315	,	O	none	0
690	3317	y	O	none	0
691	3319	en	O	none	0
692	3322	que	O	none	0
693	3326	velis	O	none	0
694	3332	nolis	O	none	0
695	3338	venga	O	none	0
696	3344	a	O	none	0
697	3346	ser	O	none	0
698	3350	condesa	O	none	0
699	3358	de	B-Dirección	C2DAAFA8-8D36-42A4-93B6-3681B8ABE636	1
700	3361	Lemus	B-Lugar-Contenedor	C5573906-2E13-42DD-AEB9-8FB0071711A2	1
701	3367	y	O	none	0
702	3369	señora	O	none	0
703	3376	de	B-Dirección	ED1BDD63-1090-441E-B5D0-ED97CB01AEE2	1
704	3379	media	B-Dimensionamiento-Cantitad	05772A66-3910-4FA7-B436-9A99BB8A4952	1
705	3385	Galicia	B-Lugar-Contenedor	39C88DFE-A8E9-4228-8ECB-044BCCCD7A83	1
706	3392	.	O	none	0
707	3393	\n\n     	O	none	0
708	3400	-	O	none	0
709	3401	No	O	none	0
710	3404	hace	B-Movimiento-ALT	ED7CA71B-4037-4950-B745-5A1E992A679F	1
711	3409	bien	O	none	0
712	3414	tal	O	none	0
713	3418	-	O	none	0
714	3419	repuso	B-Movimiento-Sonido	538BE2DF-B1E0-475D-A44C-B8C60068321B	1
715	3426	el	O	none	0
716	3429	juicioso	O	none	0
717	3437	\n	O	none	0
718	3438	montero-	O	none	0
719	3446	,	O	none	0
720	3448	porque	O	none	0
721	3454	,	O	none	0
722	3456	sobre	O	none	0
723	3462	no	O	none	0
724	3465	tener	B-Movimiento-ALT	BC692C1E-6EBF-4ECD-974B-D998B0EB7607	1
725	3471	doña	O	none	0
726	3476	Beatriz	O	none	0
727	3484	en	O	none	0
728	3487	más	O	none	0
729	3491	estima	O	none	0
730	3498	al	O	none	0
731	3501	tal	O	none	0
732	3504	\n	O	none	0
733	3505	conde	O	none	0
734	3511	que	O	none	0
735	3515	yo	O	none	0
736	3518	a	O	none	0
737	3520	un	O	none	0
738	3523	halcón	O	none	0
739	3530	viejo	O	none	0
740	3536	y	O	none	0
741	3538	ciego	O	none	0
742	3543	,	O	none	0
743	3545	si	O	none	0
744	3548	algo	O	none	0
745	3553	le	O	none	0
746	3556	lleva	B-Movimiento-ALT	D3E3AE40-1A13-4C22-9B39-20A77BAAF365	1
747	3562	de	O	none	0
748	3565	ventaja	O	none	0
749	3572	\n	O	none	0
750	3573	al	O	none	0
751	3576	señor	O	none	0
752	3582	de	O	none	0
753	3585	Bembibre	O	none	0
754	3594	en	O	none	0
755	3597	lo	O	none	0
756	3600	tocante	O	none	0
757	3608	a	O	none	0
758	3610	bienes	O	none	0
759	3616	,	O	none	0
760	3618	también	O	none	0
761	3626	se	O	none	0
762	3629	le	O	none	0
763	3632	queda	O	none	0
764	3637	\n	O	none	0
765	3638	muy	O	none	0
766	3642	atrás	O	none	0
767	3648	en	O	none	0
768	3651	virtudes	O	none	0
769	3660	y	O	none	0
770	3662	buenas	O	none	0
771	3669	prendas	O	none	0
772	3676	,	O	none	0
773	3678	y	O	none	0
774	3680	sobre	O	none	0
775	3686	todo	O	none	0
776	3691	en	O	none	0
777	3694	la	O	none	0
778	3697	voluntad	O	none	0
779	3705	\n	O	none	0
780	3706	de	O	none	0
781	3709	nuestra	O	none	0
782	3717	joven	O	none	0
783	3723	señora	O	none	0
784	3730	que	O	none	0
785	3733	,	O	none	0
786	3735	por	O	none	0
787	3739	cierto	O	none	0
788	3745	,	O	none	0
789	3747	ha	O	none	0
790	3750	mostrado	B-Movimiento-ALT	E3D96E29-0937-4B71-959C-15B8B25876BD	1
791	3759	en	O	none	0
792	3762	la	O	none	0
793	3765	elección	O	none	0
794	3773	\n	O	none	0
795	3774	algo	O	none	0
796	3779	más	O	none	0
797	3783	discernimiento	O	none	0
798	3798	que	O	none	0
799	3802	tú	O	none	0
800	3804	.	O	none	0
801	3805	\n    \n\n     	O	none	0
802	3817	-	O	none	0
803	3818	El	O	none	0
804	3821	señor	O	none	0
805	3827	de	O	none	0
806	3830	Arganza	O	none	0
807	3837	,	O	none	0
808	3839	nuestro	O	none	0
809	3847	dueño	O	none	0
810	3852	,	O	none	0
811	3854	a	O	none	0
812	3855	\n	O	none	0
813	3856	nada	O	none	0
814	3861	se	O	none	0
815	3864	ha	O	none	0
816	3867	obligado	B-Movimiento-ALT	8CECDBC3-AE8E-4A0E-852B-D40015CE48E6	1
817	3876	-	O	none	0
818	3877	replicó	B-Movimiento-Sonido	EAA6CDB6-D6BD-4F94-8E04-6A74D4586E16	1
819	3885	Mendo-	O	none	0
820	3891	,	O	none	0
821	3893	y	O	none	0
822	3895	así	O	none	0
823	3899	que	O	none	0
824	3903	don	O	none	0
825	3907	Álvaro	O	none	0
826	3914	se	O	none	0
827	3917	vuelva	B-Movimiento-Sujeto	5AC19F55-F160-4C82-86AA-35B19598ECC1	1
828	3923	\n	O	none	0
829	3924	por	B-Dirección	38040EDA-CDCF-4FEC-9731-CFF5F976822A	1
830	3928	donde	B-Posicionamiento	9D39DEE0-8F55-4FDE-9295-94C89042B7AF	1
831	3934	ha	O	none	0
832	3937	venido	B-Movimiento-Sujeto	66805A0E-D7D3-4454-B998-91D2182BA468	1
833	3944	y	O	none	0
834	3946	toque	B-Movimiento-Sujeto	439D2E0D-E04D-4B4F-A54F-18B59E582A31	2
835	3952	soleta	I-Movimiento-Sujeto	439D2E0D-E04D-4B4F-A54F-18B59E582A31	2
836	3959	en	O	none	0
837	3962	busca	O	none	0
838	3968	de	B-Dirección	ACE9ADB4-846C-4CBD-9274-C2A8317C8D6B	1
839	3971	su	O	none	0
840	3974	madre	O	none	0
841	3979	\n	O	none	0
842	3980	gallega	O	none	0
843	3987	.	O	none	0
844	3988	\n    \n\n     	O	none	0
845	4000	-	O	none	0
846	4001	Cierto	O	none	0
847	4008	es	O	none	0
848	4011	que	O	none	0
849	4015	nuestro	O	none	0
850	4023	amo	O	none	0
851	4027	no	O	none	0
852	4030	ha	O	none	0
853	4032	\n	O	none	0
854	4033	empeñado	O	none	0
855	4042	palabra	O	none	0
856	4050	ni	O	none	0
857	4053	soltado	B-Movimiento-ALT	98941DF8-0768-406D-BAC0-5E355DECF25E	1
858	4061	prenda	O	none	0
859	4067	,	O	none	0
860	4069	a	O	none	0
861	4071	lo	O	none	0
862	4074	que	O	none	0
863	4078	tengo	B-Movimiento-ALT	FC836CDB-D689-48B6-838F-EB9690099C26	1
864	4083	,	O	none	0
865	4085	entendido	O	none	0
866	4094	;	O	none	0
867	4096	pero	O	none	0
868	4100	\n	O	none	0
869	4101	en	O	none	0
870	4104	ese	O	none	0
871	4108	caso	O	none	0
872	4112	,	O	none	0
873	4114	mal	O	none	0
874	4118	ha	O	none	0
875	4121	hecho	B-Movimiento-ALT	FB60CE43-C25A-4B09-95DA-0E6F6386229D	1
876	4127	en	O	none	0
877	4130	recibir	B-Movimiento-Sujeto	39EE6ACE-E45B-4841-B30A-237A22A32C4F	1
878	4138	a	B-Dirección	E69FFB6E-9B35-43C5-97DD-909761C00CE9	1
879	4140	don	O	none	0
880	4144	Álvaro	O	none	0
881	4151	del	O	none	0
882	4155	mismo	O	none	0
883	4161	modo	O	none	0
884	4165	\n	O	none	0
885	4166	que	O	none	0
886	4170	si	O	none	0
887	4173	hubiese	O	none	0
888	4181	de	O	none	0
889	4184	ser	O	none	0
890	4188	su	O	none	0
891	4191	yerno	O	none	0
892	4196	,	O	none	0
893	4198	y	O	none	0
894	4200	en	O	none	0
895	4203	permitir	O	none	0
896	4212	que	O	none	0
897	4216	su	O	none	0
898	4219	hija	O	none	0
899	4224	tratase	B-Movimiento-ALT	D0668CE3-483F-422B-BE71-B3DE582CF712	1
900	4232	a	O	none	0
901	4233	\n	O	none	0
902	4234	una	O	none	0
903	4238	persona	O	none	0
904	4246	que	O	none	0
905	4250	a	B-Dirección-ALT	C7BE7DFF-4661-451A-A97D-A253BD73522C	1
906	4252	todo	O	none	0
907	4257	el	O	none	0
908	4260	mundo	B-Lugar-ALT	B32BCF98-C07F-4898-8F72-CBAD323776F5	1
909	4266	cautiva	B-Movimiento-ALT	DF7C82D5-2365-4A1F-9EE4-7DD5A5688BF5	1
910	4274	con	O	none	0
911	4278	su	O	none	0
912	4281	trato	O	none	0
913	4287	y	O	none	0
914	4289	gallardía	O	none	0
915	4298	,	O	none	0
916	4300	y	O	none	0
917	4301	\n	O	none	0
918	4302	de	O	none	0
919	4305	quien	O	none	0
920	4311	por	O	none	0
921	4315	fuerza	O	none	0
922	4322	se	O	none	0
923	4325	había	O	none	0
924	4331	de	O	none	0
925	4334	enamorar	O	none	0
926	4343	una	O	none	0
927	4347	doncella	O	none	0
928	4356	de	O	none	0
929	4359	tanta	O	none	0
930	4364	\n	O	none	0
931	4365	discreción	O	none	0
932	4376	y	O	none	0
933	4378	hermosura	O	none	0
934	4387	,	O	none	0
935	4389	como	O	none	0
936	4394	doña	O	none	0
937	4399	Beatriz	O	none	0
938	4406	.	O	none	0
939	4407	\n    \n\n     	O	none	0
940	4419	-	O	none	0
941	4420	Pues	O	none	0
942	4425	si	O	none	0
943	4428	se	O	none	0
944	4431	enamoró	O	none	0
945	4438	,	O	none	0
946	4440	que	O	none	0
947	4444	se	O	none	0
948	4447	desenamore	O	none	0
949	4457	\n	O	none	0
950	4458	-	O	none	0
951	4459	contestó	B-Movimiento-Sonido	3571D89B-BC90-4728-8F0D-802AB4F7F619	1
952	4468	el	O	none	0
953	4471	terco	O	none	0
954	4477	palafrenero-	O	none	0
955	4489	;	O	none	0
956	4491	además	O	none	0
957	4497	,	O	none	0
958	4499	que	O	none	0
959	4503	no	O	none	0
960	4506	dejará	O	none	0
961	4513	de	O	none	0
962	4516	hacerlo	B-Movimiento-ALT	26E148D7-EE17-4326-9B50-670A6095558B	1
963	4523	\n	O	none	0
964	4524	en	O	none	0
965	4527	cuanto	O	none	0
966	4534	su	O	none	0
967	4537	padre	O	none	0
968	4543	levante	B-Movimiento-Sonido	C57B8C45-73FC-46FC-850B-17F1C27344E1	1
969	4551	la	O	none	0
970	4554	voz	O	none	0
971	4557	,	O	none	0
972	4559	porque	O	none	0
973	4566	ella	O	none	0
974	4571	es	O	none	0
975	4574	humilde	O	none	0
976	4582	como	O	none	0
977	4587	la	O	none	0
978	4589	\n	O	none	0
979	4590	tierra	B-Lugar-Objeto	D33C1A00-7F48-4D89-A1D3-2D3BB0195C82	1
980	4596	,	O	none	0
981	4598	y	O	none	0
982	4600	cariñosa	O	none	0
983	4609	como	O	none	0
984	4614	un	O	none	0
985	4617	ángel	O	none	0
986	4622	,	O	none	0
987	4624	la	O	none	0
988	4627	cuitada	O	none	0
989	4634	.	O	none	0
990	4635	\n    \n\n     	O	none	0
991	4647	-	O	none	0
992	4648	Muy	O	none	0
993	4652	descaminado	B-Movimiento-ALT	36096B99-FF79-4D67-8D2D-CAAE6EB9DEF4	1
994	4664	vas	B-Movimiento-ALT	7A839008-4EC8-4969-997D-1C9D9FD2E81A	1
995	4668	en	B-Posicionamiento-ALT	E7AC65C4-DC94-498D-AFD3-675F1C58091A	1
996	4671	tus	O	none	0
997	4675	juicios	O	none	0
998	4682	\n	O	none	0
999	4683	-	O	none	0
1000	4684	respondió	B-Movimiento-Sonido	7B48137F-2D33-4D53-BCF0-B07232A82EB8	1
1001	4694	el	O	none	0
1002	4697	montero-	O	none	0
1003	4705	,	O	none	0
1004	4707	yo	O	none	0
1005	4710	la	O	none	0
1006	4713	conozco	O	none	0
1007	4721	mejor	O	none	0
1008	4727	que	O	none	0
1009	4731	tú	O	none	0
1010	4734	porque	O	none	0
1011	4741	la	O	none	0
1012	4744	he	O	none	0
1013	4746	\n	O	none	0
1014	4747	visto	B-Movimiento-Luz	F99CDEDF-7A84-4B55-AF9B-8D8CF021FC4F	1
1015	4753	nacer	B-Movimiento-Sujeto	4FFF964C-AC72-4E62-B9B3-C51162885031	1
1016	4758	;	O	none	0
1017	4760	y	O	none	0
1018	4762	aunque	O	none	0
1019	4769	por	O	none	0
1020	4773	bien	O	none	0
1021	4778	dará	B-Movimiento-ALT	42E9CFB0-742E-49FE-932F-F92ECC2247FB	1
1022	4783	la	O	none	0
1023	4786	vida	O	none	0
1024	4790	,	O	none	0
1025	4792	si	O	none	0
1026	4795	la	O	none	0
1027	4798	violentan	O	none	0
1028	4808	y	O	none	0
1029	4809	\n	O	none	0
1030	4810	tratan	B-Movimiento-ALT	7B95905C-5B87-408E-99F8-238001E4DABC	1
1031	4817	mal	O	none	0
1032	4820	,	O	none	0
1033	4822	sólo	O	none	0
1034	4827	Dios	O	none	0
1035	4832	puede	O	none	0
1036	4838	con	O	none	0
1037	4842	ella	O	none	0
1038	4846	.	O	none	0
1039	4847	\n    \n\n     	O	none	0
1040	4859	-	O	none	0
1041	4860	Pero	O	none	0
1042	4865	hablando	B-Movimiento-Sonido	9826F377-3C7A-48BF-98C0-BADB8B15F9C4	1
1043	4874	ahora	O	none	0
1044	4880	sin	O	none	0
1045	4884	pasión	O	none	0
1046	4891	y	O	none	0
1047	4893	sin	O	none	0
1048	4896	\n	O	none	0
1049	4897	enojo	O	none	0
1050	4903	-	O	none	0
1051	4904	dijo	B-Movimiento-Sonido	8F33620E-F4AD-4D67-9AE5-C4126BAB94F9	1
1052	4909	Millán	O	none	0
1053	4916	metiendo	B-Movimiento-ALT	5FAC1AA1-F353-4D23-90F8-411FFAE4EB09	1
1054	4925	baza-	O	none	0
1055	4930	,	O	none	0
1056	4932	¿	O	none	0
1057	4933	qué	O	none	0
1058	4937	te	O	none	0
1059	4940	ha	O	none	0
1060	4943	hecho	B-Movimiento-ALT	C868BEE0-1540-40F7-A4C4-BBA93C121C05	1
1061	4949	mi	O	none	0
1062	4952	amo	O	none	0
1063	4955	,	O	none	0
1064	4957	Mendo	O	none	0
1065	4962	,	O	none	0
1066	4963	\n	O	none	0
1067	4964	que	O	none	0
1068	4968	tan	O	none	0
1069	4972	enemigo	O	none	0
1070	4980	suyo	O	none	0
1071	4985	te	O	none	0
1072	4988	muestras	B-Movimiento-ALT	1A98F1A6-C074-4119-BD23-FE510B2FFDEE	1
1073	4996	?	O	none	0
1074	4998	Nadie	O	none	0
1075	5003	,	O	none	0
1076	5005	que	O	none	0
1077	5009	yo	O	none	0
1078	5012	sepa	O	none	0
1079	5016	,	O	none	0
1080	5018	habla	B-Movimiento-Sonido	0E4E9570-0479-4E8B-B262-33751FD404EA	1
1081	5024	así	O	none	0
1082	5028	de	B-Dirección	4677DB18-DB47-434C-A8A3-3ABA23E58DF0	1
1083	5030	\n	O	none	0
1084	5031	él	O	none	0
1085	5034	en	B-Posicionamiento	F9A4C5EA-E6D6-48DF-9E76-53710FE53275	1
1086	5037	esta	O	none	0
1087	5042	tierra	B-Lugar-Objeto	D413CD72-C1ED-48E9-A9E4-9ECE3C240048	1
1088	5048	,	O	none	0
1089	5050	sino	O	none	0
1090	5055	tú	O	none	0
1091	5057	.	O	none	0
1092	5058	\n    \n\n     	O	none	0
1093	5070	-	O	none	0
1094	5071	Yo	O	none	0
1095	5074	no	O	none	0
1096	5077	le	O	none	0
1097	5080	tengo	B-Movimiento-ALT	E08FC210-E3BC-4FBF-816C-429FFAA4F21E	1
1098	5086	tan	O	none	0
1099	5090	mala	O	none	0
1100	5095	voluntad	O	none	0
1101	5103	\n	O	none	0
1102	5104	-	O	none	0
1103	5105	contestó	B-Movimiento-Sonido	198EC178-E58B-42CF-A2F6-F58551DE080E	1
1104	5114	Mendo-	O	none	0
1105	5120	,	O	none	0
1106	5122	y	O	none	0
1107	5124	si	O	none	0
1108	5127	no	O	none	0
1109	5130	hubiera	O	none	0
1110	5138	parecido	B-Movimiento-Sujeto	E6479BAD-1DD5-4BD0-BF42-0256615BA0B4	1
1111	5147	por	B-Dirección	0D78705F-C8CA-4E7F-8DE3-E1E9B315593B	1
1112	5151	acá	B-Posicionamiento	95D57814-77F2-4B4B-8D9F-0518F4EAB4BF	1
1113	5155	el	O	none	0
1114	5158	de	B-Dirección	945CCC7A-C41C-4D90-81F7-7A789B3A02CE	1
1115	5161	Lemus	B-Lugar-Contenedor	73F78680-1588-48B8-A504-E736F9F0EF43	1
1116	5166	,	O	none	0
1117	5168	lo	O	none	0
1118	5170	\n	O	none	0
1119	5171	hubiera	O	none	0
1120	5179	visto	B-Movimiento-ALT	26BC54A1-6AB6-4982-93E8-C4409DAAFA14	1
1121	5185	con	O	none	0
1122	5189	gusto	O	none	0
1123	5195	hacerse	B-Movimiento-ALT	D58B3E9D-370D-442D-8FE9-08DFF62635BD	1
1124	5203	dueño	O	none	0
1125	5209	del	O	none	0
1126	5213	cotarro	O	none	0
1127	5221	en	B-Posicionamiento	3F440C9B-7C58-47E3-8369-8DF3C09A3375	1
1128	5224	nuestra	O	none	0
1129	5232	casa	B-Lugar-Contenedor	F66A0321-2AEF-450A-8F7C-C2EDC54A9158	1
1130	5236	,	O	none	0
1131	5237	\n	O	none	0
1132	5238	pero	O	none	0
1133	5243	¿	O	none	0
1134	5244	qué	O	none	0
1135	5248	quieres	O	none	0
1136	5255	,	O	none	0
1137	5257	amigo	O	none	0
1138	5262	?	O	none	0
1139	5264	Cada	O	none	0
1140	5269	uno	O	none	0
1141	5273	arrima	B-Movimiento-ALT	1A476143-11B6-4A61-B599-308E76EF3A0B	1
1142	5280	el	O	none	0
1143	5283	ascua	O	none	0
1144	5289	a	B-Dirección-ALT	80FA4008-2B1C-49C1-A3E0-46169D7ACEDB	1
1145	5291	su	O	none	0
1146	5294	sardina	O	none	0
1147	5301	,	O	none	0
1148	5303	y	O	none	0
1149	5304	\n	O	none	0
1150	5305	conde	O	none	0
1151	5311	por	O	none	0
1152	5315	señor	O	none	0
1153	5321	nadie	O	none	0
1154	5327	lo	O	none	0
1155	5330	trueca	B-Movimiento-ALT	F26ED74C-2124-4A30-9C20-657C292DD36C	1
1156	5336	.	O	none	0
1157	5337	\n    \n\n     	O	none	0
1158	5349	-	O	none	0
1159	5350	Pero	O	none	0
1160	5355	mi	O	none	0
1161	5358	amo	O	none	0
1162	5361	,	O	none	0
1163	5363	aunque	O	none	0
1164	5370	no	O	none	0
1165	5373	sea	O	none	0
1166	5377	conde	O	none	0
1167	5382	,	O	none	0
1168	5384	es	O	none	0
1169	5386	\n	O	none	0
1170	5387	noble	O	none	0
1171	5393	y	O	none	0
1172	5395	rico	O	none	0
1173	5399	,	O	none	0
1174	5401	y	O	none	0
1175	5403	lo	O	none	0
1176	5406	que	O	none	0
1177	5410	es	O	none	0
1178	5413	más	O	none	0
1179	5416	,	O	none	0
1180	5418	sobrino	O	none	0
1181	5426	del	O	none	0
1182	5430	maestre	O	none	0
1183	5438	de	O	none	0
1184	5441	los	O	none	0
1185	5444	\n	O	none	0
1186	5445	templarios	O	none	0
1187	5456	y	O	none	0
1188	5458	aliado	O	none	0
1189	5465	de	O	none	0
1190	5468	la	O	none	0
1191	5471	orden	O	none	0
1192	5476	.	O	none	0
1193	5477	\n    \n\n     	O	none	0
1194	5489	-	O	none	0
1195	5490	Valientes	O	none	0
1196	5500	herejes	O	none	0
1197	5508	y	O	none	0
1198	5510	hechiceros	O	none	0
1199	5520	\n	O	none	0
1200	5521	exclamó	B-Movimiento-Sonido	B0184E36-7776-414F-B9E0-3533D811A60B	1
1201	5529	entre	O	none	0
1202	5535	dientes	O	none	0
1203	5543	Mendo	O	none	0
1204	5548	.	O	none	0
1205	5549	\n    \n\n     	O	none	0
1206	5561	-	O	none	0
1207	5562	¿	O	none	0
1208	5563	Quieres	O	none	0
1209	5571	callar	B-Movimiento-Sonido	041454AB-6C13-4B70-8506-7CB11A8B5DF6	1
1210	5577	,	O	none	0
1211	5579	desventurado	O	none	0
1212	5591	?	O	none	0
1213	5593	-	O	none	0
1214	5594	le	O	none	0
1215	5596	\n	O	none	0
1216	5597	dijo	B-Movimiento-Sonido	AC79C79F-9CC6-40E9-9B08-CBCEE4BDBEFE	1
1217	5602	Nuño	O	none	0
1218	5607	en	O	none	0
1219	5610	voz	O	none	0
1220	5614	baja	O	none	0
1221	5618	,	O	none	0
1222	5620	tirándole	B-Movimiento-Sujeto	AB72D983-285F-4D40-8BB5-293C9FF8870B	1
1223	5630	del	B-Dirección	4A1036AB-46EE-463F-B846-4042E6108B60	1
1224	5634	brazo	O	none	0
1225	5640	con	O	none	0
1226	5644	ira-	O	none	0
1227	5648	.	O	none	0
1228	5650	Si	O	none	0
1229	5653	te	O	none	0
1230	5656	lo	O	none	0
1231	5658	\n	O	none	0
1232	5659	llegasen	O	none	0
1233	5668	a	O	none	0
1234	5670	oír	B-Movimiento-ALT	58CECFC6-F1BE-4090-9C55-01CF512837D2	1
1235	5673	,	O	none	0
1236	5675	serían	O	none	0
1237	5682	capaces	O	none	0
1238	5690	de	O	none	0
1239	5693	asparte	B-Movimiento-Sujeto	5EB79F78-EDA4-40F3-B93E-7E08FEE41217	1
1240	5701	como	O	none	0
1241	5706	a	B-Dirección	C239A26D-1629-46B0-8A68-FE2036B834D3	1
1242	5708	San	O	none	0
1243	5712	Andrés	O	none	0
1244	5718	.	O	none	0
1245	5719	\n    \n\n     	O	none	0
1246	5731	-	O	none	0
1247	5732	No	O	none	0
1248	5735	hay	O	none	0
1249	5739	cuidado	O	none	0
1250	5747	-	O	none	0
1251	5748	replicó	B-Movimiento-Sonido	AB9C61CC-D46B-4F7E-AD3D-96D8C0DBF6F5	1
1252	5756	Millán	O	none	0
1253	5762	,	O	none	0
1254	5764	a	B-Dirección	8A2D2DCF-A3AD-4AC9-A6C6-713DB3678679	1
1255	5765	\n	O	none	0
1256	5766	cuyo	O	none	0
1257	5771	listo	O	none	0
1258	5777	oído	O	none	0
1259	5782	no	O	none	0
1260	5785	se	O	none	0
1261	5788	había	O	none	0
1262	5794	escapado	B-Movimiento-Sonido	DD830B95-1C2E-47B6-8A34-60047DE1EED6	1
1263	5803	una	O	none	0
1264	5807	sola	O	none	0
1265	5812	palabra	O	none	0
1266	5819	,	O	none	0
1267	5821	aunque	O	none	0
1268	5827	\n	O	none	0
1269	5828	dichas	B-Movimiento-Sonido	1ECAA04B-888B-4132-ABA9-F172180A02D0	1
1270	5835	en	O	none	0
1271	5838	voz	O	none	0
1272	5842	baja-	O	none	0
1273	5847	.	O	none	0
1274	5849	Los	O	none	0
1275	5853	criados	O	none	0
1276	5861	de	O	none	0
1277	5864	don	O	none	0
1278	5868	Álvaro	O	none	0
1279	5875	nunca	O	none	0
1280	5881	fueron	B-Movimiento-ALT	E57CF687-A343-47B6-AD88-91C51D3CA7BC	1
1281	5888	espías	O	none	0
1282	5894	,	O	none	0
1283	5895	\n	O	none	0
1284	5896	ni	O	none	0
1285	5899	mal	O	none	0
1286	5903	intencionados	O	none	0
1287	5916	,	O	none	0
1288	5918	a	O	none	0
1289	5920	Dios	O	none	0
1290	5925	gracias	O	none	0
1291	5932	;	O	none	0
1292	5934	que	O	none	0
1293	5937	,	O	none	0
1294	5939	al	O	none	0
1295	5942	cabo	O	none	0
1296	5946	,	O	none	0
1297	5948	los	O	none	0
1298	5952	que	O	none	0
1299	5956	andan	B-Movimiento-ALT	90EB3D10-7955-4D5D-9DEB-D3FEAB92593A	1
1300	5961	\n	O	none	0
1301	5962	alrededor	B-Posicionamiento-ALT	FC6C6DFC-8A54-4A7A-B462-9408930EF79C	1
1302	5972	de	B-Posicionamiento-ALT	50C7CB1F-F35E-414C-8655-53ACCF76B4FD	1
1303	5975	los	O	none	0
1304	5979	caballeros	O	none	0
1305	5990	siempre	O	none	0
1306	5998	procuran	O	none	0
1307	6007	parecérseles	B-Movimiento-ALT	01AE29F0-0DC9-4D02-87F7-DD5FFCC2794F	1
1308	6019	.	O	none	0
1309	6020	\n    \n\n     	O	none	0
1310	6032	-	O	none	0
1311	6033	Caballero	O	none	0
1312	6043	es	O	none	0
1313	6046	también	O	none	0
1314	6054	el	O	none	0
1315	6057	de	B-Dirección	CFCE7C11-F1CA-4E74-A10E-D7EAC97A82FD	1
1316	6060	Lemus	B-Lugar-Contenedor	E3FE8ECA-3995-4F6B-97CA-040C4B0ED0CE	1
1317	6065	,	O	none	0
1318	6067	y	O	none	0
1319	6068	\n	O	none	0
1320	6069	más	O	none	0
1321	6073	de	O	none	0
1322	6076	una	O	none	0
1323	6080	buena	O	none	0
1324	6086	acción	O	none	0
1325	6093	ha	O	none	0
1326	6096	hecho	B-Movimiento-ALT	116D991C-F440-490C-969E-34D6BBED1B46	1
1327	6101	.	O	none	0
1328	6102	\n    \n\n     	O	none	0
1329	6114	-	O	none	0
1330	6115	Sí	O	none	0
1331	6118	-	O	none	0
1332	6119	respondió	B-Movimiento-Sonido	6466F154-2266-4299-8556-CD4C94E4BB54	1
1333	6129	Millán-	O	none	0
1334	6136	,	O	none	0
1335	6138	con	O	none	0
1336	6142	tal	O	none	0
1337	6146	que	O	none	0
1338	6149	\n	O	none	0
1339	6150	haya	O	none	0
1340	6155	ido	B-Movimiento-Sujeto	8026D2A9-C6DC-424A-8A3A-DB7CE26DAA83	1
1341	6159	delante	B-Dirección	9404E524-3E0E-46A6-B5CB-C3D7C6C1CF9C	1
1342	6167	de	O	none	0
1343	6170	gente	O	none	0
1344	6176	para	O	none	0
1345	6181	que	O	none	0
1346	6185	la	O	none	0
1347	6188	pregonen	B-Movimiento-Sonido	D8CC53DD-0389-4EEF-890C-CAFB337870D2	1
1348	6197	enseguida	O	none	0
1349	6206	.	O	none	0
1350	6208	¿	O	none	0
1351	6209	Pero	O	none	0
1352	6213	\n	O	none	0
1353	6214	sería	O	none	0
1354	6220	capaz	O	none	0
1355	6226	tu	O	none	0
1356	6229	ponderado	O	none	0
1357	6239	conde	O	none	0
1358	6244	,	O	none	0
1359	6246	de	O	none	0
1360	6249	hacer	B-Movimiento-ALT	0C3DC2DB-F15B-49CD-B432-68075A658BB1	1
1361	6255	por	O	none	0
1362	6259	su	O	none	0
1363	6262	mismo	O	none	0
1364	6268	padre	O	none	0
1365	6274	lo	O	none	0
1366	6277	que	O	none	0
1367	6280	\n	O	none	0
1368	6281	don	O	none	0
1369	6285	Álvaro	O	none	0
1370	6292	hizo	B-Movimiento-ALT	14036F96-753D-43B4-9CF6-5899C25FBD8C	1
1371	6297	por	O	none	0
1372	6301	mí	O	none	0
1373	6303	?	O	none	0
1374	6304	\n    \n\n     	O	none	0
1375	6316	-	O	none	0
1376	6317	¿	O	none	0
1377	6318	Qué	O	none	0
1378	6322	fue	B-Movimiento-ALT	68CBAFD9-2315-46CA-8585-BD91EFA092E5	1
1379	6326	ello	O	none	0
1380	6330	?	O	none	0
1381	6332	-	O	none	0
1382	6333	preguntaron	B-Movimiento-Sonido	1B7FDA37-E52F-4169-959B-900C25BC11BC	1
1383	6345	a	O	none	0
1384	6347	la	O	none	0
1385	6350	vez	O	none	0
1386	6353	\n	O	none	0
1387	6354	los	O	none	0
1388	6358	dos	B-Dimensionamiento-Cantitad	B1481801-933E-4F4C-89C5-07A912D2ECB0	1
1389	6362	compañeros	O	none	0
1390	6372	.	O	none	0
1391	6373	\n    \n\n     	O	none	0
1392	6385	-	O	none	0
1393	6386	Una	O	none	0
1394	6390	cosa	O	none	0
1395	6395	que	O	none	0
1396	6399	no	O	none	0
1397	6402	se	O	none	0
1398	6405	me	O	none	0
1399	6408	caerá	B-Movimiento-ALT	E10F7EB2-674C-41F3-A921-B5BCC11FAF27	1
1400	6414	a	O	none	0
1401	6416	dos	O	none	0
1402	6419	\n	O	none	0
1403	6420	tirones	O	none	0
1404	6428	de	O	none	0
1405	6431	la	O	none	0
1406	6434	memoria	O	none	0
1407	6441	.	O	none	0
1408	6443	Pasábamos	B-Movimiento-Sujeto	C2965958-9E33-4498-A5BF-E4A937D33133	1
1409	6453	el	O	none	0
1410	6456	puente	B-Lugar-Contenedor	2ADB913F-629B-42EF-8AE5-B23E7EED50CE	1
1411	6463	viejo	O	none	0
1412	6469	de	B-Posicionamiento	E7DBFF2E-6FAD-41DF-B989-02340677B6F5	1
1413	6472	Ponferrada	B-Lugar-Contenedor	D505C32A-D062-4198-92CF-BA00AF848E7F	1
1414	6482	,	O	none	0
1415	6484	que	O	none	0
1416	6487	\n	O	none	0
1417	6488	como	O	none	0
1418	6493	sabéis	O	none	0
1419	6499	,	O	none	0
1420	6501	no	O	none	0
1421	6504	tiene	B-Movimiento-ALT	6B621DE2-D6D3-4AA6-B1AB-DE76727760E1	1
1422	6510	barandillas	B-Lugar-Objeto	BB05E78C-07E5-44DD-BFE7-12F10F86A5D2	1
1423	6521	,	O	none	0
1424	6523	con	O	none	0
1425	6527	una	O	none	0
1426	6531	tempestad	O	none	0
1427	6541	deshecha	O	none	0
1428	6549	,	O	none	0
1429	6551	y	O	none	0
1430	6553	el	O	none	0
1431	6555	\n	O	none	0
1432	6556	río	B-Lugar-Contenedor	2474D623-4369-4F09-9C17-07C88637645B	1
1433	6560	iba	B-Movimiento-Objeto	863B3CFC-737A-48C2-AD6D-434DB6BAB8F7	1
1434	6564	de	B-Dirección	A42FEACA-063B-46C1-9594-9A5C27293640	1
1435	6567	monte	B-Lugar-Contenedor-CM	1CAB938A-6E62-467E-B969-5549C9C500A5	1
1436	6573	a	B-Dirección	4C6D663E-02A2-46C7-988F-3B6CE40BD5B1	1
1437	6575	monte	B-Lugar-Contenedor-CM	2E9A61C5-6580-4B87-A9D9-A6D8FF69E311	1
1438	6581	bramando	B-Movimiento-Sonido	B39A8067-6632-4809-8DD6-6DE291369E85	1
1439	6590	como	O	none	0
1440	6595	el	O	none	0
1441	6598	mar	B-Lugar-Contenedor	1F041F99-2BCE-404E-8995-25EC27D0557F	1
1442	6601	;	O	none	0
1443	6603	de	O	none	0
1444	6606	repente	O	none	0
1445	6614	revienta	B-Movimiento-Objeto	AF3A7FE2-4FDC-4BDD-901B-340150F8CB85	1
1446	6622	\n	O	none	0
1447	6623	una	O	none	0
1448	6627	nube	B-Lugar-Objeto	4E02FABD-1619-4327-8BBA-827C51A68F9E	1
1449	6631	,	O	none	0
1450	6633	pasa	B-Movimiento-Objeto	0CCD4F75-3512-4A30-B85B-BE03FEAC976A	1
1451	6638	una	O	none	0
1452	6642	centella	O	none	0
1453	6651	por	B-Dirección	EB85A5D1-69BE-4063-9570-C4247DF1D07B	1
1454	6655	delante	B-Dirección	D5FCACB8-462D-4CA4-BC39-25163EB63EAE	1
1455	6663	de	O	none	0
1456	6666	mi	O	none	0
1457	6669	palafrén	B-Lugar-Contenedor	4BD24E4E-C793-4AA6-AAAC-4E4D845DA554	1
1458	6677	;	O	none	0
1459	6679	encabrítase	B-Movimiento-Sujeto	656A941B-50B1-4ACD-954A-61681FF1AD1B	1
1460	6690	\n	O	none	0
1461	6691	éste	O	none	0
1462	6695	,	O	none	0
1463	6697	ciego	O	none	0
1464	6703	con	O	none	0
1465	6707	el	O	none	0
1466	6710	resplandor	O	none	0
1467	6720	,	O	none	0
1468	6722	y	O	none	0
1469	6724	sin	O	none	0
1470	6728	saber	O	none	0
1471	6734	cómo	O	none	0
1472	6738	,	O	none	0
1473	6740	ni	O	none	0
1474	6743	cómo	O	none	0
1475	6748	no	O	none	0
1476	6750	,	O	none	0
1477	6752	¡	O	none	0
1478	6753	paf	O	none	0
1479	6756	!	O	none	0
1480	6757	,	O	none	0
1481	6758	\n	O	none	0
1482	6759	ambos	B-Dimensionamiento-Cantitad	6A75E56D-6594-467E-A31E-290B9994D19E	1
1483	6765	vamos	B-Movimiento-Sujeto	9ED63538-059A-41F1-AA6A-5F71CCB9B825	1
1484	6771	al	B-Dirección	3A0B825C-1FCE-47F2-B818-32883A4E6A23	1
1485	6774	río	B-Lugar-Contenedor-CM	EEBF406D-E6BC-4084-AF94-CB32341140EA	1
1486	6778	de	B-Dirección	E4100947-6D59-4FAE-89B6-73B16C265ADF	1
1487	6781	cabeza	O	none	0
1488	6787	.	O	none	0
1489	6789	¿	O	none	0
1490	6790	Qué	O	none	0
1491	6794	os	O	none	0
1492	6797	figuráis	O	none	0
1493	6806	que	O	none	0
1494	6810	hizo	B-Movimiento-ALT	314C9505-FD13-4DA5-AB26-2461ACD9C27B	1
1495	6815	don	O	none	0
1496	6819	Álvaro	O	none	0
1497	6825	?	O	none	0
1498	6826	\n	O	none	0
1499	6827	Pues	O	none	0
1500	6832	señor	O	none	0
1501	6837	,	O	none	0
1502	6839	sin	O	none	0
1503	6843	encomendarse	O	none	0
1504	6856	a	O	none	0
1505	6858	Dios	O	none	0
1506	6863	ni	O	none	0
1507	6866	al	O	none	0
1508	6869	diablo	O	none	0
1509	6875	,	O	none	0
1510	6877	metió	B-Movimiento-Sujeto	CC4293DF-EE86-4BA5-B841-5C662B851415	1
1511	6883	las	O	none	0
1512	6886	\n	O	none	0
1513	6887	espuelas	O	none	0
1514	6896	a	B-Dirección	6A478E8A-CE68-41F4-814B-A16BD228A5FA	1
1515	6898	su	O	none	0
1516	6901	caballo	B-Lugar-Contenedor-CM	DE0A447A-B5A6-4631-9B20-0F972B2752B5	1
1517	6909	y	O	none	0
1518	6911	se	O	none	0
1519	6914	tiró	B-Movimiento-Sujeto	1DC786F6-946E-4F9E-8BE6-39F33EF20728	1
1520	6919	al	B-Dirección	0D0F6EF8-12E2-40E4-8C16-75D4AABCBE6D	1
1521	6922	río	B-Lugar-Contenedor-CM	C9254A3C-438B-4309-9FD2-6E4F4F2FB413	1
1522	6926	tras	B-Posicionamiento	B3902C31-34B9-42BC-9648-9B574F17395D	1
1523	6931	de	B-Posicionamiento	F0570336-F48E-4E80-A618-B0D283F3147E	1
1524	6934	mí	O	none	0
1525	6936	.	O	none	0
1526	6938	En	O	none	0
1527	6941	poco	O	none	0
1528	6946	estuvo	O	none	0
1529	6952	\n	O	none	0
1530	6953	que	O	none	0
1531	6957	los	O	none	0
1532	6961	dos	B-Dimensionamiento-Cantitad	CCBA43C6-D049-46FA-B099-6B5EEB84E75D	1
1533	6965	no	O	none	0
1534	6968	nos	O	none	0
1535	6972	ahogamos	B-Movimiento-Objeto	BF3C3B4C-9B81-4E6E-9E07-884D0666EF6B	1
1536	6980	.	O	none	0
1537	6982	Por	O	none	0
1538	6986	fin	O	none	0
1539	6990	mi	O	none	0
1540	6993	jaco	B-Lugar-Contenedor	815E9653-0470-4106-9ABB-A8F110EBD416	1
1541	6998	se	O	none	0
1542	7001	fue	B-Movimiento-Sujeto	2A62A9BA-7F54-447B-B26C-E71746F2CD8D	1
1543	7005	por	B-Dirección	445F4B48-10F8-4B1D-8961-F89E6D0D72BF	1
1544	7009	el	O	none	0
1545	7012	río	B-Lugar-Contenedor	F9DA2F2F-8D12-44A1-8EB1-004973EA8B7F	1
1546	7015	\n	O	none	0
1547	7016	abajo	B-Dirección	49DDEBC3-A12C-4A9D-ADB7-CA6634901FF4	1
1548	7021	,	O	none	0
1549	7023	y	O	none	0
1550	7025	yo	O	none	0
1551	7027	,	O	none	0
1552	7029	medio	O	none	0
1553	7035	atolondrado	O	none	0
1554	7046	,	O	none	0
1555	7048	salí	B-Movimiento-Sujeto	299360BC-3EB4-4BA2-B1D7-E29E2262F896	1
1556	7053	a	B-Dirección	C65F89C6-8EB5-4940-91CB-576AA840CE43	1
1557	7055	la	O	none	0
1558	7058	orilla	B-Lugar-Contenedor-CM	296CE646-027C-416A-9243-7ECACD4BB7D4	1
1559	7064	,	O	none	0
1560	7066	porque	O	none	0
1561	7073	él	O	none	0
1562	7076	tuvo	O	none	0
1563	7080	\n	O	none	0
1564	7081	buen	O	none	0
1565	7086	cuidado	O	none	0
1566	7094	de	O	none	0
1567	7097	llevarme	B-Movimiento-Sujeto	F7B00C68-9FA0-4790-8B9D-8CAE8DFFE977	1
1568	7106	agarrado	B-Movimiento-Sujeto	5070D608-5C5F-4CCB-B36A-4087A49D7AAB	1
1569	7115	de	B-Posicionamiento	5520309B-C3D5-4096-B316-AEC6DC325BCE	1
1570	7118	los	O	none	0
1571	7122	pelos	O	none	0
1572	7127	.	O	none	0
1573	7129	Cuando	O	none	0
1574	7136	me	O	none	0
1575	7139	recobré	B-Movimiento-ALT	C2C945C6-3BE8-4108-8BDF-8F827AF6FA57	1
1576	7146	,	O	none	0
1577	7147	\n	O	none	0
1578	7148	a	O	none	0
1579	7150	la	O	none	0
1580	7153	verdad	O	none	0
1581	7160	no	O	none	0
1582	7163	sabía	O	none	0
1583	7169	cómo	O	none	0
1584	7174	darle	B-Movimiento-ALT	51844985-442D-4A44-B17A-17E10608E114	1
1585	7180	las	O	none	0
1586	7184	gracias	O	none	0
1587	7191	,	O	none	0
1588	7193	porque	O	none	0
1589	7200	se	O	none	0
1590	7203	me	O	none	0
1591	7206	puso	B-Movimiento-ALT	B700EEAB-9288-466C-9059-8996AA89CE79	1
1592	7211	un	O	none	0
1593	7213	\n	O	none	0
1594	7214	nudo	O	none	0
1595	7219	en	B-Dirección-ALT	7326B5BA-4E70-4C34-9135-24B5BE269158	1
1596	7222	la	O	none	0
1597	7225	garganta	O	none	0
1598	7234	y	O	none	0
1599	7236	no	O	none	0
1600	7239	podía	O	none	0
1601	7245	hablar	B-Movimiento-Sonido	53495647-9828-4FE3-99EB-9558EAE6B0F8	1
1602	7251	;	O	none	0
1603	7253	pero	O	none	0
1604	7258	él	O	none	0
1605	7261	que	O	none	0
1606	7265	lo	O	none	0
1607	7268	conoció	O	none	0
1608	7276	se	O	none	0
1609	7278	\n	O	none	0
1610	7279	sonrió	O	none	0
1611	7286	y	O	none	0
1612	7288	me	O	none	0
1613	7291	dijo	B-Movimiento-Sonido	4FFCC2F2-AF3D-49D3-9E34-50AF7F4E835D	1
1614	7295	:	O	none	0
1615	7297	vamos	B-Movimiento-Sujeto	020EBB6D-08F1-4707-B845-A68A8888714B	1
1616	7303	hombre	O	none	0
1617	7309	,	O	none	0
1618	7311	bien	O	none	0
1619	7316	está	O	none	0
1620	7320	;	O	none	0
1621	7322	todo	O	none	0
1622	7327	ello	O	none	0
1623	7332	no	O	none	0
1624	7335	vale	O	none	0
1625	7340	nada	O	none	0
1626	7344	;	O	none	0
1627	7345	\n	O	none	0
1628	7346	sosiégate	O	none	0
1629	7355	,	O	none	0
1630	7357	y	O	none	0
1631	7359	calla	B-Movimiento-ALT	BF1B45E0-6A15-4151-9BA7-58AFC244AA4C	1
1632	7365	lo	O	none	0
1633	7368	que	O	none	0
1634	7372	ha	O	none	0
1635	7375	pasado	B-Movimiento-ALT	A6B01F95-BFC4-489B-9F9E-8B6E63DB13C2	1
1636	7381	,	O	none	0
1637	7383	porque	O	none	0
1638	7390	si	O	none	0
1639	7393	no	O	none	0
1640	7395	,	O	none	0
1641	7397	puede	O	none	0
1642	7403	que	O	none	0
1643	7407	te	O	none	0
1644	7409	\n	O	none	0
1645	7410	tengan	B-Movimiento-ALT	7E5C093D-C13C-42AF-8CAB-6B08EE67E565	1
1646	7417	por	O	none	0
1647	7421	mal	O	none	0
1648	7425	jinete	O	none	0
1649	7431	.	O	none	0
1650	7432	\n    \n\n     	O	none	0
1651	7444	-	O	none	0
1652	7445	Gallardo	O	none	0
1653	7454	lance	O	none	0
1654	7459	,	O	none	0
1655	7461	por	O	none	0
1656	7465	vida	O	none	0
1657	7470	mía	O	none	0
1658	7474	-	O	none	0
1659	7475	exclamó	B-Movimiento-Sonido	D50A275E-AA93-4E4D-8793-5D1043DF0AF7	1
1660	7482	\n	O	none	0
1661	7483	Mendo	O	none	0
1662	7489	con	O	none	0
1663	7493	un	O	none	0
1664	7496	entusiasmo	O	none	0
1665	7507	que	O	none	0
1666	7511	apenas	O	none	0
1667	7518	podía	O	none	0
1668	7524	esperarse	O	none	0
1669	7534	de	O	none	0
1670	7537	sus	O	none	0
1671	7540	\n	O	none	0
1672	7541	anteriores	O	none	0
1673	7552	prevenciones	O	none	0
1674	7564	,	O	none	0
1675	7566	y	O	none	0
1676	7568	de	O	none	0
1677	7571	su	O	none	0
1678	7574	linfático	O	none	0
1679	7584	temperamento-	O	none	0
1680	7597	,	O	none	0
1681	7599	¡	O	none	0
1682	7600	y	O	none	0
1683	7602	sin	O	none	0
1684	7605	\n	O	none	0
1685	7606	perder	B-Movimiento-ALT	75ED0F92-CF1A-4E24-B792-C3E8D4F62FC1	1
1686	7613	los	O	none	0
1687	7617	estribos	O	none	0
1688	7625	!	O	none	0
1689	7626	,	O	none	0
1690	7628	¡	O	none	0
1691	7629	ah	O	none	0
1692	7632	buen	O	none	0
1693	7637	caballero	O	none	0
1694	7646	!	O	none	0
1695	7648	¡	O	none	0
1696	7649	Lléveme	B-Movimiento-ALT	443DA6B5-86EB-49B8-A751-FBC5DA421B36	1
1697	7657	el	O	none	0
1698	7660	diablo	O	none	0
1699	7666	,	O	none	0
1700	7668	si	O	none	0
1701	7670	\n	O	none	0
1702	7671	una	O	none	0
1703	7675	acción	O	none	0
1704	7682	como	O	none	0
1705	7687	ésta	O	none	0
1706	7692	no	O	none	0
1707	7695	vale	O	none	0
1708	7700	casi	O	none	0
1709	7705	tanto	O	none	0
1710	7711	como	O	none	0
1711	7716	el	O	none	0
1712	7719	mejor	O	none	0
1713	7725	condado	O	none	0
1714	7733	de	B-Dirección	C4D035F1-A25B-4113-93F7-A9EA660C7285	1
1715	7735	\n	O	none	0
1716	7736	España	B-Lugar-Contenedor	37209FDE-73E3-4489-A345-B539F3E0A0B4	1
1717	7742	!	O	none	0
1718	7744	Pero	O	none	0
1719	7749	a	O	none	0
1720	7751	bien	O	none	0
1721	7756	-	O	none	0
1722	7757	continuó	B-Movimiento-Sonido	68182E7A-BEC3-4AEB-966E-6E3CB884657E	1
1723	7766	como	O	none	0
1724	7771	reportándose	B-Movimiento-Sonido	23AE389F-623E-4A05-A518-2DB56F355307	1
1725	7783	,	O	none	0
1726	7785	que	O	none	0
1727	7789	si	O	none	0
1728	7792	no	O	none	0
1729	7795	hubiera	O	none	0
1730	7802	\n	O	none	0
1731	7803	sido	O	none	0
1732	7808	por	O	none	0
1733	7812	su	O	none	0
1734	7815	soberbio	O	none	0
1735	7824	Almanzor	O	none	0
1736	7832	,	O	none	0
1737	7834	Dios	O	none	0
1738	7839	sabe	O	none	0
1739	7844	lo	O	none	0
1740	7847	que	O	none	0
1741	7851	le	O	none	0
1742	7854	hubiera	O	none	0
1743	7861	\n	O	none	0
1744	7862	sucedido	O	none	0
1745	7870	...	O	none	0
1746	7874	¡	O	none	0
1747	7875	Son	O	none	0
1748	7879	muchos	O	none	0
1749	7886	animales	O	none	0
1750	7894	!	O	none	0
1751	7896	-	O	none	0
1752	7897	continuó	B-Movimiento-Sonido	7EF6FA10-D7D4-4AE4-94A7-5B09018DD9F8	1
1753	7905	,	O	none	0
1754	7907	acariciando	B-Movimiento-Sujeto	322E2197-F2A4-4271-B16E-EE8F727BC6DC	1
1755	7919	el	O	none	0
1756	7922	cuello	O	none	0
1757	7928	\n	O	none	0
1758	7929	de	O	none	0
1759	7932	su	O	none	0
1760	7935	potro	B-Lugar-Contenedor-CM	D2CC8BC4-FFF3-40DD-96A8-F09959B65075	1
1761	7941	con	O	none	0
1762	7945	una	O	none	0
1763	7949	satisfacción	O	none	0
1764	7962	casi	O	none	0
1765	7967	paternal-	O	none	0
1766	7976	:	O	none	0
1767	7978	y	O	none	0
1768	7980	di	B-Movimiento-Sonido	52F7D1AC-D0F2-4449-90EE-3052F99CC944	1
1769	7982	,	O	none	0
1770	7984	Millán	O	none	0
1771	7990	,	O	none	0
1772	7992	¿	O	none	0
1773	7993	qué	O	none	0
1774	7996	\n	O	none	0
1775	7997	fue	B-Movimiento-ALT	BD0D316C-2AD5-4FA0-8B47-94DD726B3F36	1
1776	8001	del	O	none	0
1777	8005	tuyo	O	none	0
1778	8009	,	O	none	0
1779	8011	por	O	none	0
1780	8015	último	O	none	0
1781	8021	?	O	none	0
1782	8023	¿	O	none	0
1783	8024	Se	O	none	0
1784	8027	ahogó	B-Movimiento-Objeto	9F99FC6F-D293-4D22-A068-54E7A31B9041	1
1785	8033	el	O	none	0
1786	8036	pobrecillo	O	none	0
1787	8046	?	O	none	0
1788	8047	\n    \n\n     	O	none	0
1789	8059	-	O	none	0
1790	8060	No	O	none	0
1791	8063	-	O	none	0
1792	8064	respondió	B-Movimiento-Sonido	34D0514F-2D70-4B9C-9644-3EB92064E535	1
1793	8074	Millán-	O	none	0
1794	8081	,	O	none	0
1795	8083	fue	B-Movimiento-Sujeto	77B573A0-0D50-4A5C-9BDE-0B5EAED84E53	1
1796	8087	a	O	none	0
1797	8089	salir	B-Movimiento-Sujeto	859F88E2-1992-495D-9367-EA0CAE70ED6E	1
1798	8095	un	B-Dimensionamiento-Distancia	F645ECE1-A37D-424D-A3BA-83C261E60BDA	3
1799	8097	\n	O	none	0
1800	8098	buen	B-Dimensionamiento-Distancia	F645ECE1-A37D-424D-A3BA-83C261E60BDA	3
1801	8103	trecho	I-Dimensionamiento-Distancia	F645ECE1-A37D-424D-A3BA-83C261E60BDA	3
1802	8110	más	O	none	0
1803	8114	abajo	B-Dirección	790706B4-5623-4DAD-A81C-177C1A3165F3	1
1804	8119	,	O	none	0
1805	8121	y	O	none	0
1806	8123	allí	B-Posicionamiento	F6C04AE7-5EB9-406F-8F06-CCFD833CCC89	1
1807	8128	le	O	none	0
1808	8131	cogió	B-Movimiento-Sujeto	7C866DF3-F816-486A-AB50-33A1CC992C81	1
1809	8137	un	O	none	0
1810	8140	esclavo	O	none	0
1811	8148	moro	O	none	0
1812	8153	del	B-Dirección	83A2D7AB-BAEF-4F11-BFBA-E49C54BB199D	1
1813	8157	Temple	B-Lugar-Contenedor-CM	49AC340A-F75F-46B2-939B-B09C7C00D2D1	1
1814	8163	\n	O	none	0
1815	8164	que	O	none	0
1816	8168	había	O	none	0
1817	8174	ido	B-Movimiento-Sujeto	2E7AAF20-9AE4-4456-8BBC-976E8A8AEDBD	1
1818	8178	a	B-Dirección	0E267438-A953-40E8-ACC3-5CBFA9415B94	1
1819	8180	Pajariel	B-Lugar-Contenedor-CM	C9D7336B-D35E-40AF-B55A-7B5F614B0381	1
1820	8189	por	O	none	0
1821	8193	leña	O	none	0
1822	8197	,	O	none	0
1823	8199	pero	O	none	0
1824	8204	el	O	none	0
1825	8207	pobre	O	none	0
1826	8213	animal	O	none	0
1827	8220	había	O	none	0
1828	8226	dado	B-Movimiento-Sujeto	9C212EDC-EA52-429D-96C1-075D1C5904FD	1
1829	8230	\n	O	none	0
1830	8231	tantos	O	none	0
1831	8238	golpes	O	none	0
1832	8245	y	O	none	0
1833	8246	,	O	none	0
1834	8248	encontrones	O	none	0
1835	8260	que	O	none	0
1836	8264	en	O	none	0
1837	8267	más	O	none	0
1838	8271	de	O	none	0
1839	8274	tres	O	none	0
1840	8279	meses	O	none	0
1841	8285	no	O	none	0
1842	8288	fue	B-Movimiento-ALT	0CE67E42-1787-47D9-BB40-1896897A6A5E	1
1843	8291	\n	O	none	0
1844	8292	bueno	O	none	0
1845	8297	.	O	none	0
1846	8298	\n    \n\n     	O	none	0
1847	8310	Con	O	none	0
1848	8314	éstas	O	none	0
1849	8320	y	O	none	0
1850	8322	otras	O	none	0
1851	8328	llegaron	B-Movimiento-Sujeto	1BA934AC-048E-45E2-AB15-A5D11566FE71	1
1852	8337	al	B-Dirección	298F4D56-3939-428E-8D36-D6EDD1D67509	1
1853	8340	pueblo	B-Lugar-Contenedor-CM	0D2A59D3-8DAE-4EB1-9460-CA949F5122C7	1
1854	8346	\n	O	none	0
1855	8347	de	O	none	0
1856	8350	Arganza	B-Lugar-Contenedor	3FB5AFC3-7814-4702-AE58-8407DA11BC1E	1
1857	8357	,	O	none	0
1858	8359	y	O	none	0
1859	8361	se	O	none	0
1860	8364	apearon	B-Movimiento-Sujeto	D4ED5FD4-E50A-4704-87A6-94A442B6D0C0	1
1861	8372	en	B-Posicionamiento	CEB914AC-B844-4D61-A1FB-1E58E9A1A900	1
1862	8375	la	O	none	0
1863	8378	casa	B-Lugar-Contenedor	94534409-67B1-48DF-B315-BF69C4DB9186	1
1864	8383	solariega	O	none	0
1865	8393	de	O	none	0
1866	8396	su	O	none	0
1867	8399	señor	O	none	0
1868	8404	,	O	none	0
1869	8406	el	O	none	0
1870	8408	\n	O	none	0
1871	8409	ilustre	O	none	0
1872	8417	don	O	none	0
1873	8421	Alonso	O	none	0
1874	8428	Ossorio	O	none	0
1875	8435	.	O	none	0
1876	8436	\n\n	O	none	0
1877	8438	Capítulo	O	none	0
1878	8447	II	O	none	0
1879	8449	\n	O	none	0
1880	8450	Algo	O	none	0
1881	8455	habrán	O	none	0
1882	8462	columb	O	none	0
